country_iso3code,year,indicator_code,indicator_value
ABW,2023,NY.GDP.MKTP.CD,3648573136.15155
ABW,2022,NY.GDP.MKTP.CD,3279343543.60416
ABW,2021,NY.GDP.MKTP.CD,2929446578.25104
ABW,2020,NY.GDP.MKTP.CD,2481857122.8401
ABW,2023,SP.POP.TOTL,107359.0
ABW,2022,SP.POP.TOTL,107310.0
ABW,2021,SP.POP.TOTL,107700.0
ABW,2020,SP.POP.TOTL,108587.0
AFG,2023,NY.GDP.MKTP.CD,17233051620.1117
AFG,2022,NY.GDP.MKTP.CD,14497243872.1337
AFG,2021,NY.GDP.MKTP.CD,14259995441.0759
AFG,2020,NY.GDP.MKTP.CD,19955929052.1496
AFG,2023,SP.POP.TOTL,41454761.0
AFG,2022,SP.POP.TOTL,40578842.0
AFG,2021,SP.POP.TOTL,40000412.0
AFG,2020,SP.POP.TOTL,39068979.0
AGO,2023,NY.GDP.MKTP.CD,84824654481.7249
AGO,2022,NY.GDP.MKTP.CD,104399746853.401
AGO,2021,NY.GDP.MKTP.CD,66505129987.7235
AGO,2020,NY.GDP.MKTP.CD,48501561203.5686
AGO,2023,SP.POP.TOTL,36749906.0
AGO,2022,SP.POP.TOTL,35635029.0
AGO,2021,SP.POP.TOTL,34532429.0
AGO,2020,SP.POP.TOTL,33451132.0
ALB,2023,NY.GDP.MKTP.CD,23547179830.4413
ALB,2022,NY.GDP.MKTP.CD,19017242585.7803
ALB,2021,NY.GDP.MKTP.CD,18032010563.7558
ALB,2020,NY.GDP.MKTP.CD,15241458744.8688
ALB,2023,SP.POP.TOTL,2745972.0
ALB,2022,SP.POP.TOTL,2777689.0
ALB,2021,SP.POP.TOTL,2811666.0
ALB,2020,SP.POP.TOTL,2837849.0
AND,2023,NY.GDP.MKTP.CD,3785067331.7625
AND,2022,NY.GDP.MKTP.CD,3380612573.32922
AND,2021,NY.GDP.MKTP.CD,3324647529.381
AND,2020,NY.GDP.MKTP.CD,2891001149.3611
AND,2023,SP.POP.TOTL,80856.0
AND,2022,SP.POP.TOTL,79705.0
AND,2021,SP.POP.TOTL,78364.0
AND,2020,SP.POP.TOTL,77380.0
ARE,2023,NY.GDP.MKTP.CD,514130432653.081
ARE,2022,NY.GDP.MKTP.CD,502731935197.487
ARE,2021,NY.GDP.MKTP.CD,415178792769.884
ARE,2020,NY.GDP.MKTP.CD,349473015336.939
ARE,2023,SP.POP.TOTL,10483751.0
ARE,2022,SP.POP.TOTL,10074977.0
ARE,2021,SP.POP.TOTL,9575152.0
ARE,2020,SP.POP.TOTL,9401038.0
ARG,2023,NY.GDP.MKTP.CD,646075277525.125
ARG,2022,NY.GDP.MKTP.CD,632790070063.124
ARG,2021,NY.GDP.MKTP.CD,486564085480.036
ARG,2020,NY.GDP.MKTP.CD,385740508436.965
ARG,2023,SP.POP.TOTL,45538401.0
ARG,2022,SP.POP.TOTL,45407904.0
ARG,2021,SP.POP.TOTL,45312281.0
ARG,2020,SP.POP.TOTL,45191965.0
ARM,2023,NY.GDP.MKTP.CD,24085749592.3359
ARM,2022,NY.GDP.MKTP.CD,19513506553.1251
ARM,2021,NY.GDP.MKTP.CD,13878908628.9378
ARM,2020,NY.GDP.MKTP.CD,12641698583.2152
ARM,2023,SP.POP.TOTL,2990900.0
ARM,2022,SP.POP.TOTL,2969200.0
ARM,2021,SP.POP.TOTL,2962300.0
ARM,2020,SP.POP.TOTL,2961500.0
ASM,2022,NY.GDP.MKTP.CD,871000000.0
ASM,2021,NY.GDP.MKTP.CD,750000000.0
ASM,2020,NY.GDP.MKTP.CD,721000000.0
ASM,2023,SP.POP.TOTL,47521.0
ASM,2022,SP.POP.TOTL,48342.0
ASM,2021,SP.POP.TOTL,49225.0
ASM,2020,SP.POP.TOTL,49761.0
ATG,2023,NY.GDP.MKTP.CD,2033085185.18518
ATG,2022,NY.GDP.MKTP.CD,1867733333.33333
ATG,2021,NY.GDP.MKTP.CD,1601366666.66667
ATG,2020,NY.GDP.MKTP.CD,1410796296.2963
ATG,2023,SP.POP.TOTL,93316.0
ATG,2022,SP.POP.TOTL,92840.0
ATG,2021,SP.POP.TOTL,92349.0
ATG,2020,SP.POP.TOTL,91846.0
AUS,2023,NY.GDP.MKTP.CD,1728057316695.61
AUS,2022,NY.GDP.MKTP.CD,1690858246994.43
AUS,2021,NY.GDP.MKTP.CD,1556735770437.26
AUS,2020,NY.GDP.MKTP.CD,1328414058378.38
AUS,2023,SP.POP.TOTL,26658948.0
AUS,2022,SP.POP.TOTL,26014399.0
AUS,2021,SP.POP.TOTL,25685412.0
AUS,2020,SP.POP.TOTL,25649248.0
AUT,2023,NY.GDP.MKTP.CD,511685203845.001
AUT,2022,NY.GDP.MKTP.CD,471773629830.381
AUT,2021,NY.GDP.MKTP.CD,480467037338.783
AUT,2020,NY.GDP.MKTP.CD,434397601557.696
AUT,2023,SP.POP.TOTL,9131761.0
AUT,2022,SP.POP.TOTL,9041851.0
AUT,2021,SP.POP.TOTL,8955797.0
AUT,2020,SP.POP.TOTL,8916864.0
AZE,2023,NY.GDP.MKTP.CD,72356176470.5882
AZE,2022,NY.GDP.MKTP.CD,78807470588.2353
AZE,2021,NY.GDP.MKTP.CD,54825411764.7059
AZE,2020,NY.GDP.MKTP.CD,42693000000.0
AZE,2023,SP.POP.TOTL,10153958.0
AZE,2022,SP.POP.TOTL,10141756.0
AZE,2021,SP.POP.TOTL,10137750.0
AZE,2020,SP.POP.TOTL,10093121.0
BDI,2023,NY.GDP.MKTP.CD,2642161668.85211
BDI,2022,NY.GDP.MKTP.CD,3338722827.65691
BDI,2021,NY.GDP.MKTP.CD,2775798697.46022
BDI,2020,NY.GDP.MKTP.CD,2649680261.44299
BDI,2023,SP.POP.TOTL,13689450.0
BDI,2022,SP.POP.TOTL,13321097.0
BDI,2021,SP.POP.TOTL,12965481.0
BDI,2020,SP.POP.TOTL,12617036.0
BEL,2023,NY.GDP.MKTP.CD,644782756682.756
BEL,2022,NY.GDP.MKTP.CD,593438820508.173
BEL,2021,NY.GDP.MKTP.CD,598494036474.409
BEL,2020,NY.GDP.MKTP.CD,529694473501.791
BEL,2023,SP.POP.TOTL,11787423.0
BEL,2022,SP.POP.TOTL,11680210.0
BEL,2021,SP.POP.TOTL,11586195.0
BEL,2020,SP.POP.TOTL,11538604.0
BEN,2023,NY.GDP.MKTP.CD,19676049075.7011
BEN,2022,NY.GDP.MKTP.CD,17401746309.2655
BEN,2021,NY.GDP.MKTP.CD,17690083519.9323
BEN,2020,NY.GDP.MKTP.CD,15651545208.8783
BEN,2023,SP.POP.TOTL,14111034.0
BEN,2022,SP.POP.TOTL,13759501.0
BEN,2021,SP.POP.TOTL,13413417.0
BEN,2020,SP.POP.TOTL,13070169.0
BFA,2023,NY.GDP.MKTP.CD,20324617844.5265
BFA,2022,NY.GDP.MKTP.CD,18820218690.5948
BFA,2021,NY.GDP.MKTP.CD,19697516284.3787
BFA,2020,NY.GDP.MKTP.CD,17725010532.5268
BFA,2023,SP.POP.TOTL,23025776.0
BFA,2022,SP.POP.TOTL,22509038.0
BFA,2021,SP.POP.TOTL,21995243.0
BFA,2020,SP.POP.TOTL,21478690.0
BGD,2023,NY.GDP.MKTP.CD,437415331040.994
BGD,2022,NY.GDP.MKTP.CD,460131688909.301
BGD,2021,NY.GDP.MKTP.CD,416271647911.014
BGD,2020,NY.GDP.MKTP.CD,373979442362.193
BGD,2023,SP.POP.TOTL,171466990.0
BGD,2022,SP.POP.TOTL,169384897.0
BGD,2021,SP.POP.TOTL,167658854.0
BGD,2020,SP.POP.TOTL,166298024.0
BGR,2023,NY.GDP.MKTP.CD,102407653020.606
BGR,2022,NY.GDP.MKTP.CD,90642851835.8996
BGR,2021,NY.GDP.MKTP.CD,84417951260.8091
BGR,2020,NY.GDP.MKTP.CD,70716821234.5967
BGR,2023,SP.POP.TOTL,6446596.0
BGR,2022,SP.POP.TOTL,6643324.0
BGR,2021,SP.POP.TOTL,6877743.0
BGR,2020,SP.POP.TOTL,6934015.0
BHR,2023,NY.GDP.MKTP.CD,46079867021.2766
BHR,2022,NY.GDP.MKTP.CD,46680398936.1702
BHR,2021,NY.GDP.MKTP.CD,40840212765.9574
BHR,2020,NY.GDP.MKTP.CD,35837632978.7234
BHR,2023,SP.POP.TOTL,1577059.0
BHR,2022,SP.POP.TOTL,1524693.0
BHR,2021,SP.POP.TOTL,1504365.0
BHR,2020,SP.POP.TOTL,1472204.0
BHS,2023,NY.GDP.MKTP.CD,14338500000.0
BHS,2022,NY.GDP.MKTP.CD,13136400000.0
BHS,2021,NY.GDP.MKTP.CD,11368900000.0
BHS,2020,NY.GDP.MKTP.CD,9958200000.0
BHS,2023,SP.POP.TOTL,399440.0
BHS,2022,SP.POP.TOTL,397538.0
BHS,2021,SP.POP.TOTL,396373.0
BHS,2020,SP.POP.TOTL,395863.0
BIH,2023,NY.GDP.MKTP.CD,27514782476.0406
BIH,2022,NY.GDP.MKTP.CD,24534663636.1778
BIH,2021,NY.GDP.MKTP.CD,23672712242.2149
BIH,2020,NY.GDP.MKTP.CD,20226036564.4129
BIH,2023,SP.POP.TOTL,3185073.0
BIH,2022,SP.POP.TOTL,3204802.0
BIH,2021,SP.POP.TOTL,3244907.0
BIH,2020,SP.POP.TOTL,3299349.0
BLR,2023,NY.GDP.MKTP.CD,71857382745.6066
BLR,2022,NY.GDP.MKTP.CD,73775179924.603
BLR,2021,NY.GDP.MKTP.CD,69673747131.87
BLR,2020,NY.GDP.MKTP.CD,61371755326.2351
BLR,2023,SP.POP.TOTL,9178298.0
BLR,2022,SP.POP.TOTL,9228071.0
BLR,2021,SP.POP.TOTL,9302585.0
BLR,2020,SP.POP.TOTL,9379952.0
BLZ,2023,NY.GDP.MKTP.CD,3066850000.0
BLZ,2022,NY.GDP.MKTP.CD,2846700000.0
BLZ,2021,NY.GDP.MKTP.CD,2420550000.0
BLZ,2020,NY.GDP.MKTP.CD,2042850000.0
BLZ,2023,SP.POP.TOTL,411106.0
BLZ,2022,SP.POP.TOTL,402733.0
BLZ,2021,SP.POP.TOTL,395346.0
BLZ,2020,SP.POP.TOTL,390812.0
BMU,2023,NY.GDP.MKTP.CD,8141700000.0
BMU,2022,NY.GDP.MKTP.CD,7827980000.0
BMU,2021,NY.GDP.MKTP.CD,7286607000.0
BMU,2020,NY.GDP.MKTP.CD,6887147000.0
BMU,2023,SP.POP.TOTL,64698.0
BMU,2022,SP.POP.TOTL,64749.0
BMU,2021,SP.POP.TOTL,64648.0
BMU,2020,SP.POP.TOTL,64382.0
BOL,2023,NY.GDP.MKTP.CD,45135398008.8166
BOL,2022,NY.GDP.MKTP.CD,44008282877.9606
BOL,2021,NY.GDP.MKTP.CD,40406111695.179
BOL,2020,NY.GDP.MKTP.CD,36629843805.0216
BOL,2023,SP.POP.TOTL,12244159.0
BOL,2022,SP.POP.TOTL,12077154.0
BOL,2021,SP.POP.TOTL,11937360.0
BOL,2020,SP.POP.TOTL,11816299.0
BRA,2023,NY.GDP.MKTP.CD,2173665655937.27
BRA,2022,NY.GDP.MKTP.CD,1951923942083.32
BRA,2021,NY.GDP.MKTP.CD,1670647399034.67
BRA,2020,NY.GDP.MKTP.CD,1476107231194.11
BRA,2023,SP.POP.TOTL,211140729.0
BRA,2022,SP.POP.TOTL,210306415.0
BRA,2021,SP.POP.TOTL,209550294.0
BRA,2020,SP.POP.TOTL,208660842.0
BRB,2023,NY.GDP.MKTP.CD,6720733200.0
BRB,2022,NY.GDP.MKTP.CD,6257303500.0
BRB,2021,NY.GDP.MKTP.CD,5275242050.0
BRB,2020,NY.GDP.MKTP.CD,5168344450.0
BRB,2023,SP.POP.TOTL,282336.0
BRB,2022,SP.POP.TOTL,282318.0
BRB,2021,SP.POP.TOTL,282147.0
BRB,2020,SP.POP.TOTL,281698.0
BRN,2023,NY.GDP.MKTP.CD,15128292980.8638
BRN,2022,NY.GDP.MKTP.CD,16681536442.5498
BRN,2021,NY.GDP.MKTP.CD,14006496614.3195
BRN,2020,NY.GDP.MKTP.CD,12005799664.2691
BRN,2023,SP.POP.TOTL,458949.0
BRN,2022,SP.POP.TOTL,455370.0
BRN,2021,SP.POP.TOTL,451721.0
BRN,2020,SP.POP.TOTL,447404.0
BTN,2022,NY.GDP.MKTP.CD,2898227743.13545
BTN,2021,NY.GDP.MKTP.CD,2768802959.60794
BTN,2020,NY.GDP.MKTP.CD,2457604334.15915
BTN,2023,SP.POP.TOTL,786385.0
BTN,2022,SP.POP.TOTL,780914.0
BTN,2021,SP.POP.TOTL,775442.0
BTN,2020,SP.POP.TOTL,770006.0
BWA,2023,NY.GDP.MKTP.CD,19396084498.0084
BWA,2022,NY.GDP.MKTP.CD,20321958850.0363
BWA,2021,NY.GDP.MKTP.CD,18750946600.1423
BWA,2020,NY.GDP.MKTP.CD,14960291105.9316
BWA,2023,SP.POP.TOTL,2480244.0
BWA,2022,SP.POP.TOTL,2439892.0
BWA,2021,SP.POP.TOTL,2401441.0
BWA,2020,SP.POP.TOTL,2365894.0
CAF,2023,NY.GDP.MKTP.CD,2555492085.24831
CAF,2022,NY.GDP.MKTP.CD,2382618615.01694
CAF,2021,NY.GDP.MKTP.CD,2516498412.46384
CAF,2020,NY.GDP.MKTP.CD,2326720900.38047
CAF,2023,SP.POP.TOTL,5152421.0
CAF,2022,SP.POP.TOTL,5098039.0
CAF,2021,SP.POP.TOTL,5112100.0
CAF,2020,SP.POP.TOTL,5026628.0
CAN,2023,NY.GDP.MKTP.CD,2142470914401.36
CAN,2022,NY.GDP.MKTP.CD,2161483369422.01
CAN,2021,NY.GDP.MKTP.CD,2007472181464.15
CAN,2020,NY.GDP.MKTP.CD,1655684730000.19
CAN,2023,SP.POP.TOTL,40097761.0
CAN,2022,SP.POP.TOTL,38939056.0
CAN,2021,SP.POP.TOTL,38239864.0
CAN,2020,SP.POP.TOTL,38028638.0
CHE,2023,NY.GDP.MKTP.CD,884940402230.409
CHE,2022,NY.GDP.MKTP.CD,818426550206.45
CHE,2021,NY.GDP.MKTP.CD,813408787222.499
CHE,2020,NY.GDP.MKTP.CD,741999406005.627
CHE,2023,SP.POP.TOTL,8888093.0
CHE,2022,SP.POP.TOTL,8777088.0
CHE,2021,SP.POP.TOTL,8704546.0
CHE,2020,SP.POP.TOTL,8638167.0
CHI,2023,NY.GDP.MKTP.CD,12507927144.1342
CHI,2022,NY.GDP.MKTP.CD,11308300346.3725
CHI,2021,NY.GDP.MKTP.CD,11157002972.5829
CHI,2020,NY.GDP.MKTP.CD,9439810775.67214
CHI,2023,SP.POP.TOTL,167691.0
CHI,2022,SP.POP.TOTL,167215.0
CHI,2021,SP.POP.TOTL,166741.0
CHI,2020,SP.POP.TOTL,166235.0
CHL,2023,NY.GDP.MKTP.CD,335533331669.219
CHL,2022,NY.GDP.MKTP.CD,302116539409.03
CHL,2021,NY.GDP.MKTP.CD,315515014838.539
CHL,2020,NY.GDP.MKTP.CD,254042159309.311
CHL,2023,SP.POP.TOTL,19658835.0
CHL,2022,SP.POP.TOTL,19553036.0
CHL,2021,SP.POP.TOTL,19456334.0
CHL,2020,SP.POP.TOTL,19370624.0
CHN,2023,NY.GDP.MKTP.CD,17794783039552.0
CHN,2022,NY.GDP.MKTP.CD,17881782683707.3
CHN,2021,NY.GDP.MKTP.CD,17820459508852.2
CHN,2020,NY.GDP.MKTP.CD,14687744162801.0
CHN,2023,SP.POP.TOTL,1410710000.0
CHN,2022,SP.POP.TOTL,1412175000.0
CHN,2021,SP.POP.TOTL,1412360000.0
CHN,2020,SP.POP.TOTL,1411100000.0
CIV,2023,NY.GDP.MKTP.CD,78875489245.0538
CIV,2022,NY.GDP.MKTP.CD,70173140101.4315
CIV,2021,NY.GDP.MKTP.CD,72794636653.7793
CIV,2020,NY.GDP.MKTP.CD,63027852805.4204
CIV,2023,SP.POP.TOTL,31165654.0
CIV,2022,SP.POP.TOTL,30395002.0
CIV,2021,SP.POP.TOTL,29639736.0
CIV,2020,SP.POP.TOTL,28915449.0
CMR,2023,NY.GDP.MKTP.CD,49279410982.826
CMR,2022,NY.GDP.MKTP.CD,44347206072.5513
CMR,2021,NY.GDP.MKTP.CD,45011937346.8384
CMR,2020,NY.GDP.MKTP.CD,40773241177.0505
CMR,2023,SP.POP.TOTL,28372687.0
CMR,2022,SP.POP.TOTL,27632771.0
CMR,2021,SP.POP.TOTL,26915758.0
CMR,2020,SP.POP.TOTL,26210558.0
COD,2023,NY.GDP.MKTP.CD,66383287002.9867
COD,2022,NY.GDP.MKTP.CD,65801547619.5815
COD,2021,NY.GDP.MKTP.CD,55328482783.5393
COD,2020,NY.GDP.MKTP.CD,48716961860.1325
COD,2023,SP.POP.TOTL,105789731.0
COD,2022,SP.POP.TOTL,102396968.0
COD,2021,SP.POP.TOTL,99148932.0
COD,2020,SP.POP.TOTL,95989998.0
COG,2023,NY.GDP.MKTP.CD,15321055822.5167
COG,2022,NY.GDP.MKTP.CD,15817030154.6941
COG,2021,NY.GDP.MKTP.CD,14825690210.9157
COG,2020,NY.GDP.MKTP.CD,11468687464.0046
COG,2023,SP.POP.TOTL,6182885.0
COG,2022,SP.POP.TOTL,6035104.0
COG,2021,SP.POP.TOTL,5892183.0
COG,2020,SP.POP.TOTL,5752791.0
COL,2023,NY.GDP.MKTP.CD,363493841244.303
COL,2022,NY.GDP.MKTP.CD,345329875078.512
COL,2021,NY.GDP.MKTP.CD,318524633225.395
COL,2020,NY.GDP.MKTP.CD,270348342541.465
COL,2023,SP.POP.TOTL,52321152.0
COL,2022,SP.POP.TOTL,51737944.0
COL,2021,SP.POP.TOTL,51188173.0
COL,2020,SP.POP.TOTL,50629997.0
COM,2023,NY.GDP.MKTP.CD,1352380971.24055
COM,2022,NY.GDP.MKTP.CD,1242519407.77603
COM,2021,NY.GDP.MKTP.CD,1296089479.91978
COM,2020,NY.GDP.MKTP.CD,1225039196.61091
COM,2023,SP.POP.TOTL,850387.0
COM,2022,SP.POP.TOTL,834188.0
COM,2021,SP.POP.TOTL,818174.0
COM,2020,SP.POP.TOTL,802163.0
CPV,2023,NY.GDP.MKTP.CD,2533819406.4916
CPV,2022,NY.GDP.MKTP.CD,2247003347.63376
CPV,2021,NY.GDP.MKTP.CD,2051842609.64558
CPV,2020,NY.GDP.MKTP.CD,1821565617.6945
CPV,2023,SP.POP.TOTL,522331.0
CPV,2022,SP.POP.TOTL,519741.0
CPV,2021,SP.POP.TOTL,516649.0
CPV,2020,SP.POP.TOTL,514679.0
CRI,2023,NY.GDP.MKTP.CD,86497941439.0174
CRI,2022,NY.GDP.MKTP.CD,69243626028.5936
CRI,2021,NY.GDP.MKTP.CD,64960725734.1965
CRI,2020,NY.GDP.MKTP.CD,62395610760.0492
CRI,2023,SP.POP.TOTL,5105525.0
CRI,2022,SP.POP.TOTL,5081765.0
CRI,2021,SP.POP.TOTL,5059988.0
CRI,2020,SP.POP.TOTL,5034320.0
CUB,2020,NY.GDP.MKTP.CD,107351800000.0
CUB,2023,SP.POP.TOTL,11019931.0
CUB,2022,SP.POP.TOTL,11059820.0
CUB,2021,SP.POP.TOTL,11122168.0
CUB,2020,SP.POP.TOTL,11176354.0
CUW,2023,NY.GDP.MKTP.CD,3281419347.37053
CUW,2022,NY.GDP.MKTP.CD,3075180834.72417
CUW,2021,NY.GDP.MKTP.CD,2739608156.42458
CUW,2020,NY.GDP.MKTP.CD,2534327597.76536
CUW,2023,SP.POP.TOTL,147862.0
CUW,2022,SP.POP.TOTL,149996.0
CUW,2021,SP.POP.TOTL,152369.0
CUW,2020,SP.POP.TOTL,154947.0
CYM,2023,NY.GDP.MKTP.CD,7139428557.71423
CYM,2022,NY.GDP.MKTP.CD,6600843963.37585
CYM,2021,NY.GDP.MKTP.CD,6060026520.10608
CYM,2020,NY.GDP.MKTP.CD,5655358021.43209
CYM,2023,SP.POP.TOTL,73038.0
CYM,2022,SP.POP.TOTL,71591.0
CYM,2021,SP.POP.TOTL,70108.0
CYM,2020,SP.POP.TOTL,68684.0
CYP,2023,NY.GDP.MKTP.CD,33886930712.3394
CYP,2022,NY.GDP.MKTP.CD,30976176886.8521
CYP,2021,NY.GDP.MKTP.CD,30372874319.6285
CYP,2020,NY.GDP.MKTP.CD,25555093854.2968
CYP,2023,SP.POP.TOTL,1344976.0
CYP,2022,SP.POP.TOTL,1331370.0
CYP,2021,SP.POP.TOTL,1317309.0
CYP,2020,SP.POP.TOTL,1302247.0
CZE,2023,NY.GDP.MKTP.CD,343207874553.734
CZE,2022,NY.GDP.MKTP.CD,301831228325.556
CZE,2021,NY.GDP.MKTP.CD,290972714482.313
CZE,2020,NY.GDP.MKTP.CD,251109660602.536
CZE,2023,SP.POP.TOTL,10864042.0
CZE,2022,SP.POP.TOTL,10672118.0
CZE,2021,SP.POP.TOTL,10505772.0
CZE,2020,SP.POP.TOTL,10697858.0
DEU,2023,NY.GDP.MKTP.CD,4525703903627.53
DEU,2022,NY.GDP.MKTP.CD,4163596357879.39
DEU,2021,NY.GDP.MKTP.CD,4348297440387.53
DEU,2020,NY.GDP.MKTP.CD,3940142541354.1
DEU,2023,SP.POP.TOTL,83280000.0
DEU,2022,SP.POP.TOTL,83797985.0
DEU,2021,SP.POP.TOTL,83196078.0
DEU,2020,SP.POP.TOTL,83160871.0
DJI,2023,NY.GDP.MKTP.CD,4098530513.55777
DJI,2022,NY.GDP.MKTP.CD,3674298479.07676
DJI,2021,NY.GDP.MKTP.CD,3385825228.86997
DJI,2020,NY.GDP.MKTP.CD,3185150981.03207
DJI,2023,SP.POP.TOTL,1152944.0
DJI,2022,SP.POP.TOTL,1137096.0
DJI,2021,SP.POP.TOTL,1121248.0
DJI,2020,SP.POP.TOTL,1105188.0
DMA,2023,NY.GDP.MKTP.CD,653992592.592593
DMA,2022,NY.GDP.MKTP.CD,607159259.259259
DMA,2021,NY.GDP.MKTP.CD,555266666.666667
DMA,2020,NY.GDP.MKTP.CD,504214814.814815
DMA,2023,SP.POP.TOTL,66510.0
DMA,2022,SP.POP.TOTL,66826.0
DMA,2021,SP.POP.TOTL,67202.0
DMA,2020,SP.POP.TOTL,67573.0
DNK,2023,NY.GDP.MKTP.CD,407091920305.404
DNK,2022,NY.GDP.MKTP.CD,401945576107.963
DNK,2021,NY.GDP.MKTP.CD,408378204639.999
DNK,2020,NY.GDP.MKTP.CD,355631021931.621
DNK,2023,SP.POP.TOTL,5946952.0
DNK,2022,SP.POP.TOTL,5903037.0
DNK,2021,SP.POP.TOTL,5856733.0
DNK,2020,SP.POP.TOTL,5831404.0
DOM,2023,NY.GDP.MKTP.CD,121444279313.931
DOM,2022,NY.GDP.MKTP.CD,113537368176.13
DOM,2021,NY.GDP.MKTP.CD,94243425938.3647
DOM,2020,NY.GDP.MKTP.CD,78844656298.1776
DOM,2023,SP.POP.TOTL,11331265.0
DOM,2022,SP.POP.TOTL,11230734.0
DOM,2021,SP.POP.TOTL,11123476.0
DOM,2020,SP.POP.TOTL,11008300.0
DZA,2023,NY.GDP.MKTP.CD,247626161016.414
DZA,2022,NY.GDP.MKTP.CD,225638456572.143
DZA,2021,NY.GDP.MKTP.CD,186231205262.082
DZA,2020,NY.GDP.MKTP.CD,164873415325.201
DZA,2023,SP.POP.TOTL,46164219.0
DZA,2022,SP.POP.TOTL,45477389.0
DZA,2021,SP.POP.TOTL,44761099.0
DZA,2020,SP.POP.TOTL,44042091.0
ECU,2023,NY.GDP.MKTP.CD,118844826000.0
ECU,2022,NY.GDP.MKTP.CD,116586079000.0
ECU,2021,NY.GDP.MKTP.CD,107435101000.0
ECU,2020,NY.GDP.MKTP.CD,95865472000.0
ECU,2023,SP.POP.TOTL,17980083.0
ECU,2022,SP.POP.TOTL,17823897.0
ECU,2021,SP.POP.TOTL,17682454.0
ECU,2020,SP.POP.TOTL,17546065.0
EGY,2023,NY.GDP.MKTP.CD,396002496996.96
EGY,2022,NY.GDP.MKTP.CD,476747720364.742
EGY,2021,NY.GDP.MKTP.CD,424671765455.704
EGY,2020,NY.GDP.MKTP.CD,383817841547.099
EGY,2023,SP.POP.TOTL,114535772.0
EGY,2022,SP.POP.TOTL,112618250.0
EGY,2021,SP.POP.TOTL,110957008.0
EGY,2020,SP.POP.TOTL,109315124.0
ERI,2023,SP.POP.TOTL,3470390.0
ERI,2022,SP.POP.TOTL,3409447.0
ERI,2021,SP.POP.TOTL,3350183.0
ERI,2020,SP.POP.TOTL,3291271.0
ESP,2023,NY.GDP.MKTP.CD,1620090734956.89
ESP,2022,NY.GDP.MKTP.CD,1446498147749.03
ESP,2021,NY.GDP.MKTP.CD,1461244901852.69
ESP,2020,NY.GDP.MKTP.CD,1289783836971.21
ESP,2023,SP.POP.TOTL,48347910.0
ESP,2022,SP.POP.TOTL,47759127.0
ESP,2021,SP.POP.TOTL,47415794.0
ESP,2020,SP.POP.TOTL,47365655.0
EST,2023,NY.GDP.MKTP.CD,41291245222.1948
EST,2022,NY.GDP.MKTP.CD,38376046174.971
EST,2021,NY.GDP.MKTP.CD,37204563051.4723
EST,2020,NY.GDP.MKTP.CD,31820771493.8974
EST,2023,SP.POP.TOTL,1370286.0
EST,2022,SP.POP.TOTL,1348840.0
EST,2021,SP.POP.TOTL,1330932.0
EST,2020,SP.POP.TOTL,1329522.0
ETH,2023,NY.GDP.MKTP.CD,163697927593.982
ETH,2022,NY.GDP.MKTP.CD,126772703047.701
ETH,2021,NY.GDP.MKTP.CD,111261882958.426
ETH,2020,NY.GDP.MKTP.CD,107657734392.446
ETH,2023,SP.POP.TOTL,128691692.0
ETH,2022,SP.POP.TOTL,125384287.0
ETH,2021,SP.POP.TOTL,122138588.0
ETH,2020,SP.POP.TOTL,118917671.0
FIN,2023,NY.GDP.MKTP.CD,295532341254.907
FIN,2022,NY.GDP.MKTP.CD,280241515774.32
FIN,2021,NY.GDP.MKTP.CD,294223210496.119
FIN,2020,NY.GDP.MKTP.CD,270000311606.226
FIN,2023,SP.POP.TOTL,5583911.0
FIN,2022,SP.POP.TOTL,5556106.0
FIN,2021,SP.POP.TOTL,5541017.0
FIN,2020,SP.POP.TOTL,5529543.0
FJI,2023,NY.GDP.MKTP.CD,5442046565.04719
FJI,2022,NY.GDP.MKTP.CD,4969503560.7735
FJI,2021,NY.GDP.MKTP.CD,4305031630.81808
FJI,2020,NY.GDP.MKTP.CD,4432466237.09588
FJI,2023,SP.POP.TOTL,924145.0
FJI,2022,SP.POP.TOTL,919422.0
FJI,2021,SP.POP.TOTL,916711.0
FJI,2020,SP.POP.TOTL,914963.0
FRA,2023,NY.GDP.MKTP.CD,3051831611384.76
FRA,2022,NY.GDP.MKTP.CD,2796302210398.84
FRA,2021,NY.GDP.MKTP.CD,2966433692008.09
FRA,2020,NY.GDP.MKTP.CD,2647926055110.05
FRA,2023,SP.POP.TOTL,68287487.0
FRA,2022,SP.POP.TOTL,68065015.0
FRA,2021,SP.POP.TOTL,67842811.0
FRA,2020,SP.POP.TOTL,67601110.0
FRO,2023,NY.GDP.MKTP.CD,3907323961.33964
FRO,2022,NY.GDP.MKTP.CD,3566698397.6602
FRO,2021,NY.GDP.MKTP.CD,3664686796.62669
FRO,2020,NY.GDP.MKTP.CD,3271813311.5831
FRO,2023,SP.POP.TOTL,54482.0
FRO,2022,SP.POP.TOTL,53952.0
FRO,2021,SP.POP.TOTL,53315.0
FRO,2020,SP.POP.TOTL,52571.0
FSM,2023,NY.GDP.MKTP.CD,460000000.0
FSM,2022,NY.GDP.MKTP.CD,430000000.0
FSM,2021,NY.GDP.MKTP.CD,390000000.0
FSM,2020,NY.GDP.MKTP.CD,372000000.0
FSM,2023,SP.POP.TOTL,112630.0
FSM,2022,SP.POP.TOTL,112114.0
FSM,2021,SP.POP.TOTL,111624.0
FSM,2020,SP.POP.TOTL,110916.0
GAB,2023,NY.GDP.MKTP.CD,19388402541.6698
GAB,2022,NY.GDP.MKTP.CD,20440655695.1804
GAB,2021,NY.GDP.MKTP.CD,19444935097.2395
GAB,2020,NY.GDP.MKTP.CD,15342236163.9864
GAB,2023,SP.POP.TOTL,2484789.0
GAB,2022,SP.POP.TOTL,2430747.0
GAB,2021,SP.POP.TOTL,2376722.0
GAB,2020,SP.POP.TOTL,2322539.0
GBR,2023,NY.GDP.MKTP.CD,3380854520809.54
GBR,2022,NY.GDP.MKTP.CD,3114042471144.39
GBR,2021,NY.GDP.MKTP.CD,3143323050707.26
GBR,2020,NY.GDP.MKTP.CD,2696778386607.65
GBR,2023,SP.POP.TOTL,68350000.0
GBR,2022,SP.POP.TOTL,67791000.0
GBR,2021,SP.POP.TOTL,67026292.0
GBR,2020,SP.POP.TOTL,67081234.0
GEO,2023,NY.GDP.MKTP.CD,30777833585.4441
GEO,2022,NY.GDP.MKTP.CD,24984568959.605
GEO,2021,NY.GDP.MKTP.CD,18853115588.8106
GEO,2020,NY.GDP.MKTP.CD,16010869215.68
GEO,2023,SP.POP.TOTL,3715483.0
GEO,2022,SP.POP.TOTL,3712502.0
GEO,2021,SP.POP.TOTL,3708610.0
GEO,2020,SP.POP.TOTL,3722716.0
GHA,2023,NY.GDP.MKTP.CD,76370396722.154
GHA,2022,NY.GDP.MKTP.CD,74263364041.8742
GHA,2021,NY.GDP.MKTP.CD,79524421861.2743
GHA,2020,NY.GDP.MKTP.CD,70043099675.68
GHA,2023,SP.POP.TOTL,33787914.0
GHA,2022,SP.POP.TOTL,33149152.0
GHA,2021,SP.POP.TOTL,32518665.0
GHA,2020,SP.POP.TOTL,31887809.0
GIB,2023,SP.POP.TOTL,38471.0
GIB,2022,SP.POP.TOTL,37609.0
GIB,2021,SP.POP.TOTL,36858.0
GIB,2020,SP.POP.TOTL,36173.0
GIN,2023,NY.GDP.MKTP.CD,22199409741.2578
GIN,2022,NY.GDP.MKTP.CD,19910452541.9219
GIN,2021,NY.GDP.MKTP.CD,17069115737.8259
GIN,2020,NY.GDP.MKTP.CD,14088693742.9464
GIN,2023,SP.POP.TOTL,14405468.0
GIN,2022,SP.POP.TOTL,14055137.0
GIN,2021,SP.POP.TOTL,13710513.0
GIN,2020,SP.POP.TOTL,13371183.0
GMB,2023,NY.GDP.MKTP.CD,2396111021.64149
GMB,2022,NY.GDP.MKTP.CD,2204734527.88096
GMB,2021,NY.GDP.MKTP.CD,2014158842.14596
GMB,2020,NY.GDP.MKTP.CD,1812170891.19069
GMB,2023,SP.POP.TOTL,2697845.0
GMB,2022,SP.POP.TOTL,2636470.0
GMB,2021,SP.POP.TOTL,2576010.0
GMB,2020,SP.POP.TOTL,2515733.0
GNB,2023,NY.GDP.MKTP.CD,2048348108.35852
GNB,2022,NY.GDP.MKTP.CD,1796608530.82267
GNB,2021,NY.GDP.MKTP.CD,1853796455.89489
GNB,2020,NY.GDP.MKTP.CD,1646400349.84867
GNB,2023,SP.POP.TOTL,2153339.0
GNB,2022,SP.POP.TOTL,2105529.0
GNB,2021,SP.POP.TOTL,2058841.0
GNB,2020,SP.POP.TOTL,2013255.0
GNQ,2023,NY.GDP.MKTP.CD,12337550583.754
GNQ,2022,NY.GDP.MKTP.CD,13687643435.6249
GNQ,2021,NY.GDP.MKTP.CD,12215878032.7166
GNQ,2020,NY.GDP.MKTP.CD,9893816007.7398
GNQ,2023,SP.POP.TOTL,1847549.0
GNQ,2022,SP.POP.TOTL,1803545.0
GNQ,2021,SP.POP.TOTL,1758786.0
GNQ,2020,SP.POP.TOTL,1716468.0
GRC,2023,NY.GDP.MKTP.CD,243498333237.802
GRC,2022,NY.GDP.MKTP.CD,218880566444.349
GRC,2021,NY.GDP.MKTP.CD,218303801895.326
GRC,2020,NY.GDP.MKTP.CD,191362985554.861
GRC,2023,SP.POP.TOTL,10405588.0
GRC,2022,SP.POP.TOTL,10436882.0
GRC,2021,SP.POP.TOTL,10569207.0
GRC,2020,SP.POP.TOTL,10698599.0
GRD,2023,NY.GDP.MKTP.CD,1316733333.33333
GRD,2022,NY.GDP.MKTP.CD,1224577777.77778
GRD,2021,NY.GDP.MKTP.CD,1122800000.0
GRD,2020,NY.GDP.MKTP.CD,1043411111.11111
GRD,2023,SP.POP.TOTL,117081.0
GRD,2022,SP.POP.TOTL,116913.0
GRD,2021,SP.POP.TOTL,116688.0
GRD,2020,SP.POP.TOTL,116341.0
GRL,2021,NY.GDP.MKTP.CD,3235809504.29871
GRL,2020,NY.GDP.MKTP.CD,3082884653.2456
GRL,2023,SP.POP.TOTL,56865.0
GRL,2022,SP.POP.TOTL,56661.0
GRL,2021,SP.POP.TOTL,56653.0
GRL,2020,SP.POP.TOTL,56367.0
GTM,2023,NY.GDP.MKTP.CD,104450210572.012
GTM,2022,NY.GDP.MKTP.CD,95630524813.106
GTM,2021,NY.GDP.MKTP.CD,86478835636.3813
GTM,2020,NY.GDP.MKTP.CD,77719464220.73
GTM,2023,SP.POP.TOTL,18124838.0
GTM,2022,SP.POP.TOTL,17847877.0
GTM,2021,SP.POP.TOTL,17598650.0
GTM,2020,SP.POP.TOTL,17357325.0
GUM,2022,NY.GDP.MKTP.CD,6910000000.0
GUM,2021,NY.GDP.MKTP.CD,6234000000.0
GUM,2020,NY.GDP.MKTP.CD,5916000000.0
GUM,2023,SP.POP.TOTL,166506.0
GUM,2022,SP.POP.TOTL,165180.0
GUM,2021,SP.POP.TOTL,163730.0
GUM,2020,SP.POP.TOTL,162158.0
GUY,2023,NY.GDP.MKTP.CD,17159509565.4676
GUY,2022,NY.GDP.MKTP.CD,14718387016.7866
GUY,2021,NY.GDP.MKTP.CD,8041363893.04556
GUY,2020,NY.GDP.MKTP.CD,5471256594.72422
GUY,2023,SP.POP.TOTL,826353.0
GUY,2022,SP.POP.TOTL,821637.0
GUY,2021,SP.POP.TOTL,815482.0
GUY,2020,SP.POP.TOTL,807481.0
HKG,2023,NY.GDP.MKTP.CD,380812234827.832
HKG,2022,NY.GDP.MKTP.CD,358681066274.469
HKG,2021,NY.GDP.MKTP.CD,368954169748.818
HKG,2020,NY.GDP.MKTP.CD,344943149590.058
HKG,2023,SP.POP.TOTL,7536100.0
HKG,2022,SP.POP.TOTL,7346100.0
HKG,2021,SP.POP.TOTL,7413100.0
HKG,2020,SP.POP.TOTL,7481000.0
HND,2023,NY.GDP.MKTP.CD,34400509852.0436
HND,2022,NY.GDP.MKTP.CD,31426041806.7985
HND,2021,NY.GDP.MKTP.CD,28144331506.6149
HND,2020,NY.GDP.MKTP.CD,23352232483.755
HND,2023,SP.POP.TOTL,10644851.0
HND,2022,SP.POP.TOTL,10463872.0
HND,2021,SP.POP.TOTL,10289877.0
HND,2020,SP.POP.TOTL,10119640.0
HRV,2023,NY.GDP.MKTP.CD,84393795502.4421
HRV,2022,NY.GDP.MKTP.CD,71198635101.9514
HRV,2021,NY.GDP.MKTP.CD,69006802298.6956
HRV,2020,NY.GDP.MKTP.CD,57963370885.0798
HRV,2023,SP.POP.TOTL,3859686.0
HRV,2022,SP.POP.TOTL,3855641.0
HRV,2021,SP.POP.TOTL,3878981.0
HRV,2020,SP.POP.TOTL,3914206.0
HTI,2023,NY.GDP.MKTP.CD,19850829757.5418
HTI,2022,NY.GDP.MKTP.CD,20253551920.5516
HTI,2021,NY.GDP.MKTP.CD,20877414952.6375
HTI,2020,NY.GDP.MKTP.CD,14508222518.3018
HTI,2023,SP.POP.TOTL,11637398.0
HTI,2022,SP.POP.TOTL,11503606.0
HTI,2021,SP.POP.TOTL,11374586.0
HTI,2020,SP.POP.TOTL,11243848.0
HUN,2023,NY.GDP.MKTP.CD,212388906458.724
HUN,2022,NY.GDP.MKTP.CD,177006128624.627
HUN,2021,NY.GDP.MKTP.CD,182109999477.691
HUN,2020,NY.GDP.MKTP.CD,157288955508.176
HUN,2023,SP.POP.TOTL,9592186.0
HUN,2022,SP.POP.TOTL,9644377.0
HUN,2021,SP.POP.TOTL,9709891.0
HUN,2020,SP.POP.TOTL,9750149.0
IDN,2023,NY.GDP.MKTP.CD,1371171152331.16
IDN,2022,NY.GDP.MKTP.CD,1319076267291.51
IDN,2021,NY.GDP.MKTP.CD,1186509691070.97
IDN,2020,NY.GDP.MKTP.CD,1059054842711.55
IDN,2023,SP.POP.TOTL,281190067.0
IDN,2022,SP.POP.TOTL,278830529.0
IDN,2021,SP.POP.TOTL,276758053.0
IDN,2020,SP.POP.TOTL,274814866.0
IMN,2021,NY.GDP.MKTP.CD,7931193222.06405
IMN,2020,NY.GDP.MKTP.CD,6684225641.02564
IMN,2023,SP.POP.TOTL,84165.0
IMN,2022,SP.POP.TOTL,84132.0
IMN,2021,SP.POP.TOTL,84106.0
IMN,2020,SP.POP.TOTL,84064.0
IND,2023,NY.GDP.MKTP.CD,3567551674623.01
IND,2022,NY.GDP.MKTP.CD,3353470496886.33
IND,2021,NY.GDP.MKTP.CD,3167270623260.47
IND,2020,NY.GDP.MKTP.CD,2674851578587.27
IND,2023,SP.POP.TOTL,1438069596.0
IND,2022,SP.POP.TOTL,1425423212.0
IND,2021,SP.POP.TOTL,1414203896.0
IND,2020,SP.POP.TOTL,1402617695.0
IRL,2023,NY.GDP.MKTP.CD,551394889339.778
IRL,2022,NY.GDP.MKTP.CD,548570250341.987
IRL,2021,NY.GDP.MKTP.CD,531306516907.984
IRL,2020,NY.GDP.MKTP.CD,436555518400.451
IRL,2023,SP.POP.TOTL,5307600.0
IRL,2022,SP.POP.TOTL,5165700.0
IRL,2021,SP.POP.TOTL,5033164.0
IRL,2020,SP.POP.TOTL,4985382.0
IRN,2023,NY.GDP.MKTP.CD,404625655204.619
IRN,2022,NY.GDP.MKTP.CD,394362621793.035
IRN,2021,NY.GDP.MKTP.CD,383436202446.695
IRN,2020,NY.GDP.MKTP.CD,262186179355.944
IRN,2023,SP.POP.TOTL,90608707.0
IRN,2022,SP.POP.TOTL,89524246.0
IRN,2021,SP.POP.TOTL,88455488.0
IRN,2020,SP.POP.TOTL,87723443.0
IRQ,2023,NY.GDP.MKTP.CD,250842782139.464
IRQ,2022,NY.GDP.MKTP.CD,286640340965.517
IRQ,2021,NY.GDP.MKTP.CD,209691945713.103
IRQ,2020,NY.GDP.MKTP.CD,180898797516.874
IRQ,2023,SP.POP.TOTL,45074049.0
IRQ,2022,SP.POP.TOTL,44070551.0
IRQ,2021,SP.POP.TOTL,43071211.0
IRQ,2020,SP.POP.TOTL,42116605.0
ISL,2023,NY.GDP.MKTP.CD,31325116556.3807
ISL,2022,NY.GDP.MKTP.CD,28770206626.5564
ISL,2021,NY.GDP.MKTP.CD,25825287184.3818
ISL,2020,NY.GDP.MKTP.CD,21629953194.0659
ISL,2023,SP.POP.TOTL,393349.0
ISL,2022,SP.POP.TOTL,382003.0
ISL,2021,SP.POP.TOTL,372520.0
ISL,2020,SP.POP.TOTL,366463.0
ISR,2023,NY.GDP.MKTP.CD,513611100815.691
ISR,2022,NY.GDP.MKTP.CD,525000415276.678
ISR,2021,NY.GDP.MKTP.CD,489708278893.053
ISR,2020,NY.GDP.MKTP.CD,411728563086.632
ISR,2023,SP.POP.TOTL,9756600.0
ISR,2022,SP.POP.TOTL,9557500.0
ISR,2021,SP.POP.TOTL,9371400.0
ISR,2020,SP.POP.TOTL,9215100.0
ITA,2023,NY.GDP.MKTP.CD,2300941152991.81
ITA,2022,NY.GDP.MKTP.CD,2102995942720.44
ITA,2021,NY.GDP.MKTP.CD,2179207773596.09
ITA,2020,NY.GDP.MKTP.CD,1907481094079.23
ITA,2023,SP.POP.TOTL,58993475.0
ITA,2022,SP.POP.TOTL,59013667.0
ITA,2021,SP.POP.TOTL,59133173.0
ITA,2020,SP.POP.TOTL,59438851.0
JAM,2023,NY.GDP.MKTP.CD,19423355409.2316
JAM,2022,NY.GDP.MKTP.CD,17097760723.9201
JAM,2021,NY.GDP.MKTP.CD,14657586127.0331
JAM,2020,NY.GDP.MKTP.CD,13812421803.4084
JAM,2023,SP.POP.TOTL,2839786.0
JAM,2022,SP.POP.TOTL,2839144.0
JAM,2021,SP.POP.TOTL,2837682.0
JAM,2020,SP.POP.TOTL,2830739.0
JOR,2023,NY.GDP.MKTP.CD,50967475352.1127
JOR,2022,NY.GDP.MKTP.CD,48764963380.2817
JOR,2021,NY.GDP.MKTP.CD,46296100140.8451
JOR,2020,NY.GDP.MKTP.CD,43700383098.5916
JOR,2023,SP.POP.TOTL,11439213.0
JOR,2022,SP.POP.TOTL,11256263.0
JOR,2021,SP.POP.TOTL,11066356.0
JOR,2020,SP.POP.TOTL,10865228.0
JPN,2023,NY.GDP.MKTP.CD,4204494802431.55
JPN,2022,NY.GDP.MKTP.CD,4256410760723.75
JPN,2021,NY.GDP.MKTP.CD,5034620784584.98
JPN,2020,NY.GDP.MKTP.CD,5055587093501.59
JPN,2023,SP.POP.TOTL,124516650.0
JPN,2022,SP.POP.TOTL,125124989.0
JPN,2021,SP.POP.TOTL,125681593.0
JPN,2020,SP.POP.TOTL,126261000.0
KAZ,2023,NY.GDP.MKTP.CD,262641892078.524
KAZ,2022,NY.GDP.MKTP.CD,225496328925.494
KAZ,2021,NY.GDP.MKTP.CD,197112255360.612
KAZ,2020,NY.GDP.MKTP.CD,171082365861.423
KAZ,2023,SP.POP.TOTL,20330104.0
KAZ,2022,SP.POP.TOTL,20034609.0
KAZ,2021,SP.POP.TOTL,19743603.0
KAZ,2020,SP.POP.TOTL,19482117.0
KEN,2023,NY.GDP.MKTP.CD,108038588970.595
KEN,2022,NY.GDP.MKTP.CD,114448978152.637
KEN,2021,NY.GDP.MKTP.CD,109703658904.994
KEN,2020,NY.GDP.MKTP.CD,100657505750.545
KEN,2023,SP.POP.TOTL,55339003.0
KEN,2022,SP.POP.TOTL,54252461.0
KEN,2021,SP.POP.TOTL,53219166.0
KEN,2020,SP.POP.TOTL,52217334.0
KGZ,2023,NY.GDP.MKTP.CD,13987627908.8381
KGZ,2022,NY.GDP.MKTP.CD,12134931017.9465
KGZ,2021,NY.GDP.MKTP.CD,9249133946.26531
KGZ,2020,NY.GDP.MKTP.CD,8270468614.24051
KGZ,2023,SP.POP.TOTL,7099750.0
KGZ,2022,SP.POP.TOTL,6975219.5
KGZ,2021,SP.POP.TOTL,6851224.0
KGZ,2020,SP.POP.TOTL,6726595.5
KHM,2023,NY.GDP.MKTP.CD,42335646895.7984
KHM,2022,NY.GDP.MKTP.CD,39994532959.6074
KHM,2021,NY.GDP.MKTP.CD,36790163687.4421
KHM,2020,NY.GDP.MKTP.CD,34818073901.4851
KHM,2023,SP.POP.TOTL,17423880.0
KHM,2022,SP.POP.TOTL,17201724.0
KHM,2021,SP.POP.TOTL,16974305.0
KHM,2020,SP.POP.TOTL,16725474.0
KIR,2023,NY.GDP.MKTP.CD,279208903.337644
KIR,2022,NY.GDP.MKTP.CD,270841698.369345
KIR,2021,NY.GDP.MKTP.CD,289339292.157301
KIR,2020,NY.GDP.MKTP.CD,223123620.597516
KIR,2023,SP.POP.TOTL,132530.0
KIR,2022,SP.POP.TOTL,130469.0
KIR,2021,SP.POP.TOTL,128377.0
KIR,2020,SP.POP.TOTL,126099.0
KNA,2023,NY.GDP.MKTP.CD,1055499777.77778
KNA,2022,NY.GDP.MKTP.CD,981429629.62963
KNA,2021,NY.GDP.MKTP.CD,858622222.222222
KNA,2020,NY.GDP.MKTP.CD,883922222.222222
KNA,2023,SP.POP.TOTL,46758.0
KNA,2022,SP.POP.TOTL,46709.0
KNA,2021,SP.POP.TOTL,46763.0
KNA,2020,SP.POP.TOTL,46870.0
KOR,2023,NY.GDP.MKTP.CD,1712792854202.37
KOR,2022,NY.GDP.MKTP.CD,1673916511799.71
KOR,2021,NY.GDP.MKTP.CD,1818432106880.04
KOR,2020,NY.GDP.MKTP.CD,1644312831906.17
KOR,2023,SP.POP.TOTL,51712619.0
KOR,2022,SP.POP.TOTL,51672569.0
KOR,2021,SP.POP.TOTL,51769539.0
KOR,2020,SP.POP.TOTL,51836239.0
KWT,2023,NY.GDP.MKTP.CD,163704878875.85
KWT,2022,NY.GDP.MKTP.CD,183940215065.171
KWT,2021,NY.GDP.MKTP.CD,148459291453.471
KWT,2020,NY.GDP.MKTP.CD,111045470461.207
KWT,2023,SP.POP.TOTL,4853420.0
KWT,2022,SP.POP.TOTL,4589643.0
KWT,2021,SP.POP.TOTL,4360865.0
KWT,2020,SP.POP.TOTL,4400267.0
LAO,2023,NY.GDP.MKTP.CD,15843155731.2552
LAO,2022,NY.GDP.MKTP.CD,15468785203.7532
LAO,2021,NY.GDP.MKTP.CD,18827148530.9347
LAO,2020,NY.GDP.MKTP.CD,18981805250.2424
LAO,2023,SP.POP.TOTL,7664993.0
LAO,2022,SP.POP.TOTL,7559007.0
LAO,2021,SP.POP.TOTL,7453194.0
LAO,2020,SP.POP.TOTL,7346533.0
LBN,2022,NY.GDP.MKTP.CD,20992421948.8081
LBN,2021,NY.GDP.MKTP.CD,23131941556.7843
LBN,2020,NY.GDP.MKTP.CD,31712128253.7961
LBN,2023,SP.POP.TOTL,5773493.0
LBN,2022,SP.POP.TOTL,5744489.0
LBN,2021,SP.POP.TOTL,5718122.0
LBN,2020,SP.POP.TOTL,5702398.0
LBR,2023,NY.GDP.MKTP.CD,4240000000.0
LBR,2022,NY.GDP.MKTP.CD,4001047000.0
LBR,2021,NY.GDP.MKTP.CD,3513049500.0
LBR,2020,NY.GDP.MKTP.CD,3176126300.0
LBR,2023,SP.POP.TOTL,5493031.0
LBR,2022,SP.POP.TOTL,5373294.0
LBR,2021,SP.POP.TOTL,5259323.0
LBR,2020,SP.POP.TOTL,5149463.0
LBY,2023,NY.GDP.MKTP.CD,45096462972.4014
LBY,2022,NY.GDP.MKTP.CD,43246297921.8499
LBY,2021,NY.GDP.MKTP.CD,35217995647.2862
LBY,2020,NY.GDP.MKTP.CD,46854285440.642
LBY,2023,SP.POP.TOTL,7305659.0
LBY,2022,SP.POP.TOTL,7223805.0
LBY,2021,SP.POP.TOTL,7135175.0
LBY,2020,SP.POP.TOTL,7045399.0
LCA,2023,NY.GDP.MKTP.CD,2430148148.14815
LCA,2022,NY.GDP.MKTP.CD,2342703703.7037
LCA,2021,NY.GDP.MKTP.CD,1867185185.18518
LCA,2020,NY.GDP.MKTP.CD,1499296296.2963
LCA,2023,SP.POP.TOTL,179285.0
LCA,2022,SP.POP.TOTL,178781.0
LCA,2021,SP.POP.TOTL,178522.0
LCA,2020,SP.POP.TOTL,178250.0
LIE,2022,NY.GDP.MKTP.CD,7361504432.19331
LIE,2021,NY.GDP.MKTP.CD,7710380085.92257
LIE,2020,NY.GDP.MKTP.CD,6405870210.32293
LIE,2023,SP.POP.TOTL,39850.0
LIE,2022,SP.POP.TOTL,39493.0
LIE,2021,SP.POP.TOTL,39182.0
LIE,2020,SP.POP.TOTL,38901.0
LKA,2023,NY.GDP.MKTP.CD,84356863743.6335
LKA,2022,NY.GDP.MKTP.CD,74144870023.4244
LKA,2021,NY.GDP.MKTP.CD,88609324901.9774
LKA,2020,NY.GDP.MKTP.CD,84304298770.5329
LKA,2023,SP.POP.TOTL,22037000.0
LKA,2022,SP.POP.TOTL,22181000.0
LKA,2021,SP.POP.TOTL,22156000.0
LKA,2020,SP.POP.TOTL,21919000.0
LSO,2023,NY.GDP.MKTP.CD,2117962450.79469
LSO,2022,NY.GDP.MKTP.CD,2354683088.71995
LSO,2021,NY.GDP.MKTP.CD,2412130056.55851
LSO,2020,NY.GDP.MKTP.CD,2053699870.07191
LSO,2023,SP.POP.TOTL,2311472.0
LSO,2022,SP.POP.TOTL,2286110.0
LSO,2021,SP.POP.TOTL,2261542.0
LSO,2020,SP.POP.TOTL,2235727.0
LTU,2023,NY.GDP.MKTP.CD,79789877416.1681
LTU,2022,NY.GDP.MKTP.CD,71033884499.7824
LTU,2021,NY.GDP.MKTP.CD,67037321008.9679
LTU,2020,NY.GDP.MKTP.CD,57412038533.2718
LTU,2023,SP.POP.TOTL,2871585.0
LTU,2022,SP.POP.TOTL,2831639.0
LTU,2021,SP.POP.TOTL,2800839.0
LTU,2020,SP.POP.TOTL,2794885.0
LUX,2023,NY.GDP.MKTP.CD,85755006123.5976
LUX,2022,NY.GDP.MKTP.CD,81641807865.7591
LUX,2021,NY.GDP.MKTP.CD,85584105993.8746
LUX,2020,NY.GDP.MKTP.CD,73699366700.2134
LUX,2023,SP.POP.TOTL,666430.0
LUX,2022,SP.POP.TOTL,653103.0
LUX,2021,SP.POP.TOTL,640064.0
LUX,2020,SP.POP.TOTL,630419.0
LVA,2023,NY.GDP.MKTP.CD,42247850064.5125
LVA,2022,NY.GDP.MKTP.CD,38018905782.397
LVA,2021,NY.GDP.MKTP.CD,38185125732.9451
LVA,2020,NY.GDP.MKTP.CD,33379927434.6149
LVA,2023,SP.POP.TOTL,1877445.0
LVA,2022,SP.POP.TOTL,1879383.0
LVA,2021,SP.POP.TOTL,1884490.0
LVA,2020,SP.POP.TOTL,1900449.0
MAC,2023,NY.GDP.MKTP.CD,45803067940.4072
MAC,2022,NY.GDP.MKTP.CD,24999113475.8368
MAC,2021,NY.GDP.MKTP.CD,30969334705.0515
MAC,2020,NY.GDP.MKTP.CD,25343525935.8358
MAC,2023,SP.POP.TOTL,678800.0
MAC,2022,SP.POP.TOTL,677300.0
MAC,2021,SP.POP.TOTL,682500.0
MAC,2020,SP.POP.TOTL,685400.0
MAF,2021,NY.GDP.MKTP.CD,649206262.847519
MAF,2023,SP.POP.TOTL,27515.0
MAF,2022,SP.POP.TOTL,28870.0
MAF,2021,SP.POP.TOTL,29961.0
MAF,2020,SP.POP.TOTL,31786.0
MAR,2023,NY.GDP.MKTP.CD,144417103249.646
MAR,2022,NY.GDP.MKTP.CD,130951926351.241
MAR,2021,NY.GDP.MKTP.CD,142022058447.231
MAR,2020,NY.GDP.MKTP.CD,121353645057.144
MAR,2023,SP.POP.TOTL,37712505.0
MAR,2022,SP.POP.TOTL,37329064.0
MAR,2021,SP.POP.TOTL,36954442.0
MAR,2020,SP.POP.TOTL,36584208.0
MCO,2023,NY.GDP.MKTP.CD,9995350547.12166
MCO,2022,NY.GDP.MKTP.CD,8800430486.17137
MCO,2021,NY.GDP.MKTP.CD,8623242743.29564
MCO,2020,NY.GDP.MKTP.CD,6730736282.78961
MCO,2023,SP.POP.TOTL,38956.0
MCO,2022,SP.POP.TOTL,38931.0
MCO,2021,SP.POP.TOTL,38527.0
MCO,2020,SP.POP.TOTL,38050.0
MDA,2023,NY.GDP.MKTP.CD,16539436547.295
MDA,2022,NY.GDP.MKTP.CD,14510490660.2516
MDA,2021,NY.GDP.MKTP.CD,13691869264.0794
MDA,2020,NY.GDP.MKTP.CD,11530746234.4492
MDA,2023,SP.POP.TOTL,2457783.0
MDA,2022,SP.POP.TOTL,2528654.0
MDA,2021,SP.POP.TOTL,2595809.0
MDA,2020,SP.POP.TOTL,2635130.0
MDG,2023,NY.GDP.MKTP.CD,15790113246.7478
MDG,2022,NY.GDP.MKTP.CD,15134700203.0497
MDG,2021,NY.GDP.MKTP.CD,14554754116.5427
MDG,2020,NY.GDP.MKTP.CD,13051441203.9474
MDG,2023,SP.POP.TOTL,31195932.0
MDG,2022,SP.POP.TOTL,30437261.0
MDG,2021,SP.POP.TOTL,29691083.0
MDG,2020,SP.POP.TOTL,28953556.0
MDV,2023,NY.GDP.MKTP.CD,6590894301.9579
MDV,2022,NY.GDP.MKTP.CD,6177118113.94637
MDV,2021,NY.GDP.MKTP.CD,5252457369.55218
MDV,2020,NY.GDP.MKTP.CD,3712604583.36665
MDV,2023,SP.POP.TOTL,525994.0
MDV,2022,SP.POP.TOTL,524106.0
MDV,2021,SP.POP.TOTL,516154.0
MDV,2020,SP.POP.TOTL,502118.0
MEX,2023,NY.GDP.MKTP.CD,1789114434843.46
MEX,2022,NY.GDP.MKTP.CD,1464312692331.58
MEX,2021,NY.GDP.MKTP.CD,1316569466932.59
MEX,2020,NY.GDP.MKTP.CD,1121064767261.88
MEX,2023,SP.POP.TOTL,129739759.0
MEX,2022,SP.POP.TOTL,128613117.0
MEX,2021,SP.POP.TOTL,127648148.0
MEX,2020,SP.POP.TOTL,126799054.0
MHL,2023,NY.GDP.MKTP.CD,259300000.0
MHL,2022,NY.GDP.MKTP.CD,253400000.0
MHL,2021,NY.GDP.MKTP.CD,258900000.0
MHL,2020,NY.GDP.MKTP.CD,241800000.0
MHL,2023,SP.POP.TOTL,38827.0
MHL,2022,SP.POP.TOTL,40077.0
MHL,2021,SP.POP.TOTL,41367.0
MHL,2020,SP.POP.TOTL,42706.0
MKD,2023,NY.GDP.MKTP.CD,15763621848.115
MKD,2022,NY.GDP.MKTP.CD,13932436550.0883
MKD,2021,NY.GDP.MKTP.CD,14000283827.0154
MKD,2020,NY.GDP.MKTP.CD,12361036913.8409
MKD,2023,SP.POP.TOTL,1827816.0
MKD,2022,SP.POP.TOTL,1831712.0
MKD,2021,SP.POP.TOTL,1837114.0
MKD,2020,SP.POP.TOTL,1856124.0
MLI,2023,NY.GDP.MKTP.CD,20661794596.0873
MLI,2022,NY.GDP.MKTP.CD,18780322203.7584
MLI,2021,NY.GDP.MKTP.CD,19309463508.0377
MLI,2020,NY.GDP.MKTP.CD,17465392764.3706
MLI,2023,SP.POP.TOTL,23769127.0
MLI,2022,SP.POP.TOTL,23072640.0
MLI,2021,SP.POP.TOTL,22388630.0
MLI,2020,SP.POP.TOTL,21713836.0
MLT,2023,NY.GDP.MKTP.CD,22328640241.5553
MLT,2022,NY.GDP.MKTP.CD,19209979975.2323
MLT,2021,NY.GDP.MKTP.CD,19718565605.433
MLT,2020,NY.GDP.MKTP.CD,16385919535.6742
MLT,2023,SP.POP.TOTL,552747.0
MLT,2022,SP.POP.TOTL,531511.0
MLT,2021,SP.POP.TOTL,518536.0
MLT,2020,SP.POP.TOTL,515332.0
MMR,2023,NY.GDP.MKTP.CD,66757619000.0
MMR,2022,NY.GDP.MKTP.CD,62253049891.6449
MMR,2021,NY.GDP.MKTP.CD,66345291160.1683
MMR,2020,NY.GDP.MKTP.CD,79006113643.1906
MMR,2023,SP.POP.TOTL,54133798.0
MMR,2022,SP.POP.TOTL,53756787.0
MMR,2021,SP.POP.TOTL,53387102.0
MMR,2020,SP.POP.TOTL,53016522.0
MNE,2023,NY.GDP.MKTP.CD,7530593375.22034
MNE,2022,NY.GDP.MKTP.CD,6229801580.79157
MNE,2021,NY.GDP.MKTP.CD,5861427505.12493
MNE,2020,NY.GDP.MKTP.CD,4769996866.00758
MNE,2023,SP.POP.TOTL,616177.0
MNE,2022,SP.POP.TOTL,617213.0
MNE,2021,SP.POP.TOTL,619211.0
MNE,2020,SP.POP.TOTL,621306.0
MNG,2023,NY.GDP.MKTP.CD,20325121393.9074
MNG,2022,NY.GDP.MKTP.CD,17146471713.748
MNG,2021,NY.GDP.MKTP.CD,15286441737.6686
MNG,2020,NY.GDP.MKTP.CD,13312981429.0891
MNG,2023,SP.POP.TOTL,3481145.0
MNG,2022,SP.POP.TOTL,3433748.0
MNG,2021,SP.POP.TOTL,3383741.0
MNG,2020,SP.POP.TOTL,3327204.0
MNP,2022,NY.GDP.MKTP.CD,1096000000.0
MNP,2021,NY.GDP.MKTP.CD,914000000.0
MNP,2020,NY.GDP.MKTP.CD,866000000.0
MNP,2023,SP.POP.TOTL,45143.0
MNP,2022,SP.POP.TOTL,46078.0
MNP,2021,SP.POP.TOTL,46979.0
MNP,2020,SP.POP.TOTL,47528.0
MOZ,2023,NY.GDP.MKTP.CD,20954220983.5473
MOZ,2022,NY.GDP.MKTP.CD,18883528581.3734
MOZ,2021,NY.GDP.MKTP.CD,16168055475.4449
MOZ,2020,NY.GDP.MKTP.CD,14235420174.1884
MOZ,2023,SP.POP.TOTL,33635160.0
MOZ,2022,SP.POP.TOTL,32656246.0
MOZ,2021,SP.POP.TOTL,31707800.0
MOZ,2020,SP.POP.TOTL,30783688.0
MRT,2023,NY.GDP.MKTP.CD,10651709411.4594
MRT,2022,NY.GDP.MKTP.CD,9557966698.25369
MRT,2021,NY.GDP.MKTP.CD,9222536364.01272
MRT,2020,NY.GDP.MKTP.CD,8260752385.23089
MRT,2023,SP.POP.TOTL,5022441.0
MRT,2022,SP.POP.TOTL,4875637.0
MRT,2021,SP.POP.TOTL,4734874.0
MRT,2020,SP.POP.TOTL,4600131.0
MUS,2023,NY.GDP.MKTP.CD,14644524819.0054
MUS,2022,NY.GDP.MKTP.CD,12927979286.0453
MUS,2021,NY.GDP.MKTP.CD,11484348857.8529
MUS,2020,NY.GDP.MKTP.CD,11408106446.3144
MUS,2023,SP.POP.TOTL,1261041.0
MUS,2022,SP.POP.TOTL,1262523.0
MUS,2021,SP.POP.TOTL,1266334.0
MUS,2020,SP.POP.TOTL,1266014.0
MWI,2023,NY.GDP.MKTP.CD,12712150082.0792
MWI,2022,NY.GDP.MKTP.CD,12429060150.742
MWI,2021,NY.GDP.MKTP.CD,12378129750.9872
MWI,2020,NY.GDP.MKTP.CD,11769313597.8545
MWI,2023,SP.POP.TOTL,21104482.0
MWI,2022,SP.POP.TOTL,20568728.0
MWI,2021,SP.POP.TOTL,20047258.0
MWI,2020,SP.POP.TOTL,19533888.0
MYS,2023,NY.GDP.MKTP.CD,399705169318.477
MYS,2022,NY.GDP.MKTP.CD,407605841348.235
MYS,2021,NY.GDP.MKTP.CD,373784823672.946
MYS,2020,NY.GDP.MKTP.CD,337456163961.211
MYS,2023,SP.POP.TOTL,35126298.0
MYS,2022,SP.POP.TOTL,34695493.0
MYS,2021,SP.POP.TOTL,34282399.0
MYS,2020,SP.POP.TOTL,33889558.0
NAM,2023,NY.GDP.MKTP.CD,12351025066.9131
NAM,2022,NY.GDP.MKTP.CD,12567271004.6761
NAM,2021,NY.GDP.MKTP.CD,12402486183.6396
NAM,2020,NY.GDP.MKTP.CD,10583748541.5258
NAM,2023,SP.POP.TOTL,2963095.0
NAM,2022,SP.POP.TOTL,2889662.0
NAM,2021,SP.POP.TOTL,2810548.0
NAM,2020,SP.POP.TOTL,2728762.0
NCL,2022,NY.GDP.MKTP.CD,9623318718.31459
NCL,2021,NY.GDP.MKTP.CD,10071349663.8484
NCL,2020,NY.GDP.MKTP.CD,9454629467.91408
NCL,2023,SP.POP.TOTL,289870.0
NCL,2022,SP.POP.TOTL,287123.0
NCL,2021,SP.POP.TOTL,285214.0
NCL,2020,SP.POP.TOTL,284176.0
NER,2023,NY.GDP.MKTP.CD,16819170420.5653
NER,2022,NY.GDP.MKTP.CD,15433852712.2963
NER,2021,NY.GDP.MKTP.CD,14915002436.069
NER,2020,NY.GDP.MKTP.CD,13744653103.058
NER,2023,SP.POP.TOTL,26159867.0
NER,2022,SP.POP.TOTL,25311973.0
NER,2021,SP.POP.TOTL,24502140.0
NER,2020,SP.POP.TOTL,23717613.0
NGA,2023,NY.GDP.MKTP.CD,363846332834.618
NGA,2022,NY.GDP.MKTP.CD,477403400101.174
NGA,2021,NY.GDP.MKTP.CD,440833635873.827
NGA,2020,NY.GDP.MKTP.CD,432198898467.795
NGA,2023,SP.POP.TOTL,227882945.0
NGA,2022,SP.POP.TOTL,223150896.0
NGA,2021,SP.POP.TOTL,218529286.0
NGA,2020,SP.POP.TOTL,213996181.0
NIC,2023,NY.GDP.MKTP.CD,17829218219.3591
NIC,2022,NY.GDP.MKTP.CD,15649897116.8965
NIC,2021,NY.GDP.MKTP.CD,14144060853.1362
NIC,2020,NY.GDP.MKTP.CD,12681569254.2815
NIC,2023,SP.POP.TOTL,6823613.0
NIC,2022,SP.POP.TOTL,6730654.0
NIC,2021,SP.POP.TOTL,6644741.0
NIC,2020,SP.POP.TOTL,6565267.0
NLD,2023,NY.GDP.MKTP.CD,1154361305398.06
NLD,2022,NY.GDP.MKTP.CD,1046540797548.64
NLD,2021,NY.GDP.MKTP.CD,1054472123449.6
NLD,2020,NY.GDP.MKTP.CD,932560861701.17
NLD,2023,SP.POP.TOTL,17877117.0
NLD,2022,SP.POP.TOTL,17700982.0
NLD,2021,SP.POP.TOTL,17533044.0
NLD,2020,SP.POP.TOTL,17441500.0
NOR,2023,NY.GDP.MKTP.CD,485310823603.662
NOR,2022,NY.GDP.MKTP.CD,593726965415.619
NOR,2021,NY.GDP.MKTP.CD,503367986030.268
NOR,2020,NY.GDP.MKTP.CD,367633418886.627
NOR,2023,SP.POP.TOTL,5519594.0
NOR,2022,SP.POP.TOTL,5457127.0
NOR,2021,SP.POP.TOTL,5408320.0
NOR,2020,SP.POP.TOTL,5379475.0
NPL,2023,NY.GDP.MKTP.CD,40908073366.8455
NPL,2022,NY.GDP.MKTP.CD,41182939600.67
NPL,2021,NY.GDP.MKTP.CD,36924841394.2605
NPL,2020,NY.GDP.MKTP.CD,33433659301.2466
NPL,2023,SP.POP.TOTL,29694614.0
NPL,2022,SP.POP.TOTL,29715436.0
NPL,2021,SP.POP.TOTL,29475010.0
NPL,2020,SP.POP.TOTL,28966574.0
NRU,2023,NY.GDP.MKTP.CD,154170289.321861
NRU,2022,NY.GDP.MKTP.CD,156803087.302496
NRU,2021,NY.GDP.MKTP.CD,175513984.500084
NRU,2020,NY.GDP.MKTP.CD,124530027.301054
NRU,2023,SP.POP.TOTL,11875.0
NRU,2022,SP.POP.TOTL,11801.0
NRU,2021,SP.POP.TOTL,11709.0
NRU,2020,SP.POP.TOTL,11643.0
NZL,2023,NY.GDP.MKTP.CD,252175506110.168
NZL,2022,NY.GDP.MKTP.CD,246733522841.353
NZL,2021,NY.GDP.MKTP.CD,253644079784.977
NZL,2020,NY.GDP.MKTP.CD,212697530897.56
NZL,2023,SP.POP.TOTL,5223100.0
NZL,2022,SP.POP.TOTL,5117200.0
NZL,2021,SP.POP.TOTL,5111300.0
NZL,2020,SP.POP.TOTL,5090200.0
OMN,2023,NY.GDP.MKTP.CD,108810923276.983
OMN,2022,NY.GDP.MKTP.CD,111943823146.944
OMN,2021,NY.GDP.MKTP.CD,87323797139.1417
OMN,2020,NY.GDP.MKTP.CD,75909492847.8544
OMN,2023,SP.POP.TOTL,5049269.0
OMN,2022,SP.POP.TOTL,4730226.0
OMN,2021,SP.POP.TOTL,4500424.0
OMN,2020,SP.POP.TOTL,4522497.0
PAK,2023,NY.GDP.MKTP.CD,337912301397.727
PAK,2022,NY.GDP.MKTP.CD,374890295666.694
PAK,2021,NY.GDP.MKTP.CD,348516647445.148
PAK,2020,NY.GDP.MKTP.CD,300425609817.981
PAK,2023,SP.POP.TOTL,247504495.0
PAK,2022,SP.POP.TOTL,243700667.0
PAK,2021,SP.POP.TOTL,239477801.0
PAK,2020,SP.POP.TOTL,235001746.0
PAN,2023,NY.GDP.MKTP.CD,83318176900.0
PAN,2022,NY.GDP.MKTP.CD,76276116700.0
PAN,2021,NY.GDP.MKTP.CD,67396392500.0
PAN,2020,NY.GDP.MKTP.CD,57059846500.0
PAN,2023,SP.POP.TOTL,4458759.0
PAN,2022,SP.POP.TOTL,4400773.0
PAN,2021,SP.POP.TOTL,4345405.0
PAN,2020,SP.POP.TOTL,4293261.0
PER,2023,NY.GDP.MKTP.CD,267603248655.253
PER,2022,NY.GDP.MKTP.CD,246488757636.211
PER,2021,NY.GDP.MKTP.CD,226354278280.885
PER,2020,NY.GDP.MKTP.CD,201409694755.934
PER,2023,SP.POP.TOTL,33845617.0
PER,2022,SP.POP.TOTL,33475438.0
PER,2021,SP.POP.TOTL,33155882.0
PER,2020,SP.POP.TOTL,32838579.0
PHL,2023,NY.GDP.MKTP.CD,437146372729.942
PHL,2022,NY.GDP.MKTP.CD,404353369604.631
PHL,2021,NY.GDP.MKTP.CD,394087359848.11
PHL,2020,NY.GDP.MKTP.CD,361751145451.597
PHL,2023,SP.POP.TOTL,114891199.0
PHL,2022,SP.POP.TOTL,113964338.0
PHL,2021,SP.POP.TOTL,113100950.0
PHL,2020,SP.POP.TOTL,112081264.0
PLW,2023,NY.GDP.MKTP.CD,281849062.5
PLW,2022,NY.GDP.MKTP.CD,255591062.5
PLW,2021,NY.GDP.MKTP.CD,235752906.25
PLW,2020,NY.GDP.MKTP.CD,258990843.75
PLW,2023,SP.POP.TOTL,17727.0
PLW,2022,SP.POP.TOTL,17759.0
PLW,2021,SP.POP.TOTL,17783.0
PLW,2020,SP.POP.TOTL,17792.0
PNG,2023,NY.GDP.MKTP.CD,30729242919.4411
PNG,2022,NY.GDP.MKTP.CD,31647277767.3976
PNG,2021,NY.GDP.MKTP.CD,26109413522.3081
PNG,2020,NY.GDP.MKTP.CD,23848447849.7467
PNG,2023,SP.POP.TOTL,10389635.0
PNG,2022,SP.POP.TOTL,10203169.0
PNG,2021,SP.POP.TOTL,10012896.0
PNG,2020,SP.POP.TOTL,9815746.0
POL,2023,NY.GDP.MKTP.CD,809200697797.088
POL,2022,NY.GDP.MKTP.CD,695607470875.276
POL,2021,NY.GDP.MKTP.CD,689170230665.35
POL,2020,NY.GDP.MKTP.CD,605914237903.742
POL,2023,SP.POP.TOTL,36687353.0
POL,2022,SP.POP.TOTL,36821749.0
POL,2021,SP.POP.TOTL,36981559.0
POL,2020,SP.POP.TOTL,37899070.0
PRI,2023,NY.GDP.MKTP.CD,117902300000.0
PRI,2022,NY.GDP.MKTP.CD,113567200000.0
PRI,2021,NY.GDP.MKTP.CD,106426600000.0
PRI,2020,NY.GDP.MKTP.CD,103130900000.0
PRI,2023,SP.POP.TOTL,3205691.0
PRI,2022,SP.POP.TOTL,3220113.0
PRI,2021,SP.POP.TOTL,3262693.0
PRI,2020,SP.POP.TOTL,3281557.0
PRK,2023,SP.POP.TOTL,26418204.0
PRK,2022,SP.POP.TOTL,26328845.0
PRK,2021,SP.POP.TOTL,26232534.0
PRK,2020,SP.POP.TOTL,26136312.0
PRT,2023,NY.GDP.MKTP.CD,289114289663.542
PRT,2022,NY.GDP.MKTP.CD,256898675068.927
PRT,2021,NY.GDP.MKTP.CD,256055879091.139
PRT,2020,NY.GDP.MKTP.CD,229618773422.577
PRT,2023,SP.POP.TOTL,10578174.0
PRT,2022,SP.POP.TOTL,10434332.0
PRT,2021,SP.POP.TOTL,10361831.0
PRT,2020,SP.POP.TOTL,10297081.0
PRY,2023,NY.GDP.MKTP.CD,42956263543.9482
PRY,2022,NY.GDP.MKTP.CD,41952910858.0846
PRY,2021,NY.GDP.MKTP.CD,39950899938.7482
PRY,2020,NY.GDP.MKTP.CD,35432178068.1814
PRY,2023,SP.POP.TOTL,6844146.0
PRY,2022,SP.POP.TOTL,6760464.0
PRY,2021,SP.POP.TOTL,6684182.0
PRY,2020,SP.POP.TOTL,6603739.0
PSE,2023,NY.GDP.MKTP.CD,17420800000.0
PSE,2022,NY.GDP.MKTP.CD,19165500000.0
PSE,2021,NY.GDP.MKTP.CD,18109000000.0
PSE,2020,NY.GDP.MKTP.CD,15531700000.0
PSE,2023,SP.POP.TOTL,5165775.0
PSE,2022,SP.POP.TOTL,5043612.0
PSE,2021,SP.POP.TOTL,4922749.0
PSE,2020,SP.POP.TOTL,4803269.0
PYF,2022,NY.GDP.MKTP.CD,5814661208.90544
PYF,2021,NY.GDP.MKTP.CD,6150640646.38319
PYF,2020,NY.GDP.MKTP.CD,5792545870.80614
PYF,2023,SP.POP.TOTL,281118.0
PYF,2022,SP.POP.TOTL,280378.0
PYF,2021,SP.POP.TOTL,279792.0
PYF,2020,SP.POP.TOTL,279209.0
QAT,2023,NY.GDP.MKTP.CD,213002809330.267
QAT,2022,NY.GDP.MKTP.CD,235709325708.341
QAT,2021,NY.GDP.MKTP.CD,179732009554.846
QAT,2020,NY.GDP.MKTP.CD,144411363345.27
QAT,2023,SP.POP.TOTL,2656032.0
QAT,2022,SP.POP.TOTL,2657333.0
QAT,2021,SP.POP.TOTL,2504910.0
QAT,2020,SP.POP.TOTL,2794148.0
ROU,2023,NY.GDP.MKTP.CD,350775856415.189
ROU,2022,NY.GDP.MKTP.CD,296354358293.475
ROU,2021,NY.GDP.MKTP.CD,286578196368.297
ROU,2020,NY.GDP.MKTP.CD,252033792712.145
ROU,2023,SP.POP.TOTL,19059479.0
ROU,2022,SP.POP.TOTL,19048502.0
ROU,2021,SP.POP.TOTL,19122059.0
ROU,2020,SP.POP.TOTL,19265250.0
RUS,2023,NY.GDP.MKTP.CD,2021421476035.42
RUS,2022,NY.GDP.MKTP.CD,2266029240645.34
RUS,2021,NY.GDP.MKTP.CD,1843392293734.38
RUS,2020,NY.GDP.MKTP.CD,1493075894362.14
RUS,2023,SP.POP.TOTL,143826130.0
RUS,2022,SP.POP.TOTL,144236933.0
RUS,2021,SP.POP.TOTL,144746762.0
RUS,2020,SP.POP.TOTL,145245148.0
RWA,2023,NY.GDP.MKTP.CD,14097768472.1883
RWA,2022,NY.GDP.MKTP.CD,13316160895.0447
RWA,2021,NY.GDP.MKTP.CD,11069280649.6459
RWA,2020,NY.GDP.MKTP.CD,10174387374.3478
RWA,2023,SP.POP.TOTL,13954471.0
RWA,2022,SP.POP.TOTL,13651030.0
RWA,2021,SP.POP.TOTL,13355260.0
RWA,2020,SP.POP.TOTL,13065837.0
SAU,2023,NY.GDP.MKTP.CD,1067582933333.33
SAU,2022,NY.GDP.MKTP.CD,1108571466666.67
SAU,2021,NY.GDP.MKTP.CD,874156000000.0
SAU,2020,NY.GDP.MKTP.CD,734271200000.0
SAU,2023,SP.POP.TOTL,33264292.0
SAU,2022,SP.POP.TOTL,32175224.0
SAU,2021,SP.POP.TOTL,30784383.0
SAU,2020,SP.POP.TOTL,31552510.0
SDN,2023,NY.GDP.MKTP.CD,109265503110.904
SDN,2022,NY.GDP.MKTP.CD,51666875363.0963
SDN,2021,NY.GDP.MKTP.CD,34229513774.9936
SDN,2020,NY.GDP.MKTP.CD,27034593750.0
SDN,2023,SP.POP.TOTL,50042791.0
SDN,2022,SP.POP.TOTL,49383346.0
SDN,2021,SP.POP.TOTL,48066924.0
SDN,2020,SP.POP.TOTL,46789231.0
SEN,2023,NY.GDP.MKTP.CD,30848333083.7055
SEN,2022,NY.GDP.MKTP.CD,27619479059.6131
SEN,2021,NY.GDP.MKTP.CD,27520784129.7508
SEN,2020,NY.GDP.MKTP.CD,24530513037.7518
SEN,2023,SP.POP.TOTL,18077573.0
SEN,2022,SP.POP.TOTL,17651103.0
SEN,2021,SP.POP.TOTL,17220867.0
SEN,2020,SP.POP.TOTL,16789219.0
SGP,2023,NY.GDP.MKTP.CD,501427500080.059
SGP,2022,NY.GDP.MKTP.CD,498474540987.78
SGP,2021,NY.GDP.MKTP.CD,434111559282.849
SGP,2020,NY.GDP.MKTP.CD,349488382610.662
SGP,2023,SP.POP.TOTL,5917648.0
SGP,2022,SP.POP.TOTL,5637022.0
SGP,2021,SP.POP.TOTL,5453566.0
SGP,2020,SP.POP.TOTL,5685807.0
SLB,2023,NY.GDP.MKTP.CD,1633319401.19414
SLB,2022,NY.GDP.MKTP.CD,1566360686.10632
SLB,2021,NY.GDP.MKTP.CD,1522794913.0914
SLB,2020,NY.GDP.MKTP.CD,1536145814.17007
SLB,2023,SP.POP.TOTL,800005.0
SLB,2022,SP.POP.TOTL,781066.0
SLB,2021,SP.POP.TOTL,762591.0
SLB,2020,SP.POP.TOTL,744498.0
SLE,2023,NY.GDP.MKTP.CD,6411869546.28929
SLE,2022,NY.GDP.MKTP.CD,7119137321.90082
SLE,2021,NY.GDP.MKTP.CD,7165214367.64956
SLE,2020,NY.GDP.MKTP.CD,6688594757.62129
SLE,2023,SP.POP.TOTL,8460512.0
SLE,2022,SP.POP.TOTL,8276807.0
SLE,2021,SP.POP.TOTL,8094602.0
SLE,2020,SP.POP.TOTL,7912558.0
SLV,2023,NY.GDP.MKTP.CD,34015620000.0
SLV,2022,NY.GDP.MKTP.CD,31988920000.0
SLV,2021,NY.GDP.MKTP.CD,29043140000.0
SLV,2020,NY.GDP.MKTP.CD,24921190000.0
SLV,2023,SP.POP.TOTL,6309624.0
SLV,2022,SP.POP.TOTL,6280319.0
SLV,2021,SP.POP.TOTL,6255782.0
SLV,2020,SP.POP.TOTL,6234673.0
SMR,2022,NY.GDP.MKTP.CD,1831700577.08904
SMR,2021,NY.GDP.MKTP.CD,1855395999.76534
SMR,2020,NY.GDP.MKTP.CD,1544714493.24409
SMR,2023,SP.POP.TOTL,33860.0
SMR,2022,SP.POP.TOTL,33755.0
SMR,2021,SP.POP.TOTL,34252.0
SMR,2020,SP.POP.TOTL,34770.0
SOM,2023,NY.GDP.MKTP.CD,10968517090.0004
SOM,2022,NY.GDP.MKTP.CD,10202767269.9603
SOM,2021,NY.GDP.MKTP.CD,9483997404.25227
SOM,2020,NY.GDP.MKTP.CD,8628393719.99922
SOM,2023,SP.POP.TOTL,18358615.0
SOM,2022,SP.POP.TOTL,17801897.0
SOM,2021,SP.POP.TOTL,17271431.0
SOM,2020,SP.POP.TOTL,16651191.0
SRB,2023,NY.GDP.MKTP.CD,81342660752.3732
SRB,2022,NY.GDP.MKTP.CD,66797564758.339
SRB,2021,NY.GDP.MKTP.CD,66159884072.5308
SRB,2020,NY.GDP.MKTP.CD,55874017668.998
SRB,2023,SP.POP.TOTL,6623183.0
SRB,2022,SP.POP.TOTL,6664449.0
SRB,2021,SP.POP.TOTL,6834326.0
SRB,2020,SP.POP.TOTL,6899126.0
SSD,2023,SP.POP.TOTL,11483374.0
SSD,2022,SP.POP.TOTL,11021177.0
SSD,2021,SP.POP.TOTL,10865780.0
SSD,2020,SP.POP.TOTL,10698467.0
STP,2023,NY.GDP.MKTP.CD,678976264.835436
STP,2022,NY.GDP.MKTP.CD,540809499.189348
STP,2021,NY.GDP.MKTP.CD,524402455.54816
STP,2020,NY.GDP.MKTP.CD,471229484.607144
STP,2023,SP.POP.TOTL,230871.0
STP,2022,SP.POP.TOTL,226305.0
STP,2021,SP.POP.TOTL,221961.0
STP,2020,SP.POP.TOTL,217435.0
SUR,2023,NY.GDP.MKTP.CD,3455146280.83975
SUR,2022,NY.GDP.MKTP.CD,3791603200.0259
SUR,2021,NY.GDP.MKTP.CD,3107923197.96954
SUR,2020,NY.GDP.MKTP.CD,2911807496.20227
SUR,2023,SP.POP.TOTL,628886.0
SUR,2022,SP.POP.TOTL,623164.0
SUR,2021,SP.POP.TOTL,617896.0
SUR,2020,SP.POP.TOTL,612317.0
SVK,2023,NY.GDP.MKTP.CD,132908336234.295
SVK,2022,NY.GDP.MKTP.CD,115928615553.286
SVK,2021,NY.GDP.MKTP.CD,120592216208.386
SVK,2020,NY.GDP.MKTP.CD,107732602896.441
SVK,2023,SP.POP.TOTL,5426740.0
SVK,2022,SP.POP.TOTL,5431752.0
SVK,2021,SP.POP.TOTL,5447247.0
SVK,2020,SP.POP.TOTL,5458827.0
SVN,2023,NY.GDP.MKTP.CD,69148468417.3208
SVN,2022,NY.GDP.MKTP.CD,59927702746.2843
SVN,2021,NY.GDP.MKTP.CD,61529280461.092
SVN,2020,NY.GDP.MKTP.CD,53384760135.1581
SVN,2023,SP.POP.TOTL,2120461.0
SVN,2022,SP.POP.TOTL,2112076.0
SVN,2021,SP.POP.TOTL,2108079.0
SVN,2020,SP.POP.TOTL,2102419.0
SWE,2023,NY.GDP.MKTP.CD,584960475767.32
SWE,2022,NY.GDP.MKTP.CD,579895717343.956
SWE,2021,NY.GDP.MKTP.CD,637186904843.636
SWE,2020,NY.GDP.MKTP.CD,545147614972.141
SWE,2023,SP.POP.TOTL,10536632.0
SWE,2022,SP.POP.TOTL,10486941.0
SWE,2021,SP.POP.TOTL,10415811.0
SWE,2020,SP.POP.TOTL,10353442.0
SWZ,2023,NY.GDP.MKTP.CD,4442875788.08505
SWZ,2022,NY.GDP.MKTP.CD,4695372785.0814
SWZ,2021,NY.GDP.MKTP.CD,4737671576.32851
SWZ,2020,NY.GDP.MKTP.CD,4105756862.55271
SWZ,2023,SP.POP.TOTL,1230506.0
SWZ,2022,SP.POP.TOTL,1218917.0
SWZ,2021,SP.POP.TOTL,1206593.0
SWZ,2020,SP.POP.TOTL,1192729.0
SXM,2023,NY.GDP.MKTP.CD,1627776949.27374
SXM,2022,NY.GDP.MKTP.CD,1537088715.0838
SXM,2021,NY.GDP.MKTP.CD,1353071061.45251
SXM,2020,NY.GDP.MKTP.CD,1236428100.55866
SXM,2023,SP.POP.TOTL,42749.0
SXM,2022,SP.POP.TOTL,42139.0
SXM,2021,SP.POP.TOTL,41571.0
SXM,2020,SP.POP.TOTL,41008.0
SYC,2023,NY.GDP.MKTP.CD,2141450171.13932
SYC,2022,NY.GDP.MKTP.CD,2057968519.83091
SYC,2021,NY.GDP.MKTP.CD,1487173794.80528
SYC,2020,NY.GDP.MKTP.CD,1382551751.56908
SYC,2023,SP.POP.TOTL,119773.0
SYC,2022,SP.POP.TOTL,119878.0
SYC,2021,SP.POP.TOTL,99258.0
SYC,2020,SP.POP.TOTL,98462.0
SYR,2022,NY.GDP.MKTP.CD,23622827079.5047
SYR,2021,NY.GDP.MKTP.CD,14353205678.4991
SYR,2020,NY.GDP.MKTP.CD,12047752036.091
SYR,2023,SP.POP.TOTL,23594623.0
SYR,2022,SP.POP.TOTL,22462173.0
SYR,2021,SP.POP.TOTL,21628839.0
SYR,2020,SP.POP.TOTL,21049429.0
TCA,2023,NY.GDP.MKTP.CD,1402054390.94734
TCA,2022,NY.GDP.MKTP.CD,1228794382.95121
TCA,2021,NY.GDP.MKTP.CD,1045782453.5755
TCA,2020,NY.GDP.MKTP.CD,774653669.315186
TCA,2023,SP.POP.TOTL,46198.0
TCA,2022,SP.POP.TOTL,45847.0
TCA,2021,SP.POP.TOTL,45243.0
TCA,2020,SP.POP.TOTL,44386.0
TCD,2023,NY.GDP.MKTP.CD,13149325362.3347
TCD,2022,NY.GDP.MKTP.CD,12396807588.4082
TCD,2021,NY.GDP.MKTP.CD,11779981332.8631
TCD,2020,NY.GDP.MKTP.CD,10715396042.3343
TCD,2023,SP.POP.TOTL,19319064.0
TCD,2022,SP.POP.TOTL,18455316.0
TCD,2021,SP.POP.TOTL,17828273.0
TCD,2020,SP.POP.TOTL,17224679.0
TGO,2023,NY.GDP.MKTP.CD,9171261837.57103
TGO,2022,NY.GDP.MKTP.CD,8169476148.95692
TGO,2021,NY.GDP.MKTP.CD,8342243645.94438
TGO,2020,NY.GDP.MKTP.CD,7400284167.78479
TGO,2023,SP.POP.TOTL,9304337.0
TGO,2022,SP.POP.TOTL,9089738.0
TGO,2021,SP.POP.TOTL,8878379.0
TGO,2020,SP.POP.TOTL,8669720.0
THA,2023,NY.GDP.MKTP.CD,514968699239.005
THA,2022,NY.GDP.MKTP.CD,495645210972.751
THA,2021,NY.GDP.MKTP.CD,506256494297.34
THA,2020,NY.GDP.MKTP.CD,500461898480.246
THA,2023,SP.POP.TOTL,71702435.0
THA,2022,SP.POP.TOTL,71735329.0
THA,2021,SP.POP.TOTL,71727332.0
THA,2020,SP.POP.TOTL,71641484.0
TJK,2023,NY.GDP.MKTP.CD,12060602008.8478
TJK,2022,NY.GDP.MKTP.CD,10713525200.3998
TJK,2021,NY.GDP.MKTP.CD,8937805347.13963
TJK,2020,NY.GDP.MKTP.CD,8133963550.65742
TJK,2023,SP.POP.TOTL,10389799.0
TJK,2022,SP.POP.TOTL,10182222.0
TJK,2021,SP.POP.TOTL,9966908.0
TJK,2020,SP.POP.TOTL,9749310.0
TKM,2023,NY.GDP.MKTP.CD,60628857142.8571
TKM,2022,NY.GDP.MKTP.CD,58972000000.0
TKM,2021,NY.GDP.MKTP.CD,50007428571.4286
TKM,2020,NY.GDP.MKTP.CD,45818000000.0
TKM,2023,SP.POP.TOTL,7364438.0
TKM,2022,SP.POP.TOTL,7230193.0
TKM,2021,SP.POP.TOTL,7092043.0
TKM,2020,SP.POP.TOTL,6949912.0
TLS,2023,NY.GDP.MKTP.CD,2079916900.0
TLS,2022,NY.GDP.MKTP.CD,3208594000.0
TLS,2021,NY.GDP.MKTP.CD,3624889700.0
TLS,2020,NY.GDP.MKTP.CD,2162619200.0
TLS,2023,SP.POP.TOTL,1384286.0
TLS,2022,SP.POP.TOTL,1369295.0
TLS,2021,SP.POP.TOTL,1350139.0
TLS,2020,SP.POP.TOTL,1326053.0
TON,2022,NY.GDP.MKTP.CD,518180042.241509
TON,2021,NY.GDP.MKTP.CD,518228012.09129
TON,2020,NY.GDP.MKTP.CD,496856295.76752
TON,2023,SP.POP.TOTL,104597.0
TON,2022,SP.POP.TOTL,105042.0
TON,2021,SP.POP.TOTL,105490.0
TON,2020,SP.POP.TOTL,105704.0
TTO,2023,NY.GDP.MKTP.CD,27372285697.9477
TTO,2022,NY.GDP.MKTP.CD,30053446092.0128
TTO,2021,NY.GDP.MKTP.CD,24496397204.7176
TTO,2020,NY.GDP.MKTP.CD,20807716174.0546
TTO,2023,SP.POP.TOTL,1367510.0
TTO,2022,SP.POP.TOTL,1365805.0
TTO,2021,SP.POP.TOTL,1367558.0
TTO,2020,SP.POP.TOTL,1366725.0
TUN,2023,NY.GDP.MKTP.CD,48529595416.6533
TUN,2022,NY.GDP.MKTP.CD,44579761022.8993
TUN,2021,NY.GDP.MKTP.CD,46812290143.344
TUN,2020,NY.GDP.MKTP.CD,42491780918.361
TUN,2023,SP.POP.TOTL,12200431.0
TUN,2022,SP.POP.TOTL,12119334.0
TUN,2021,SP.POP.TOTL,12048622.0
TUN,2020,SP.POP.TOTL,11974057.0
TUR,2023,NY.GDP.MKTP.CD,1118252964260.77
TUR,2022,NY.GDP.MKTP.CD,907118434653.505
TUR,2021,NY.GDP.MKTP.CD,819865223976.115
TUR,2020,NY.GDP.MKTP.CD,720338490327.248
TUR,2023,SP.POP.TOTL,85325965.0
TUR,2022,SP.POP.TOTL,84979913.0
TUR,2021,SP.POP.TOTL,84147318.0
TUR,2020,SP.POP.TOTL,83384680.0
TUV,2023,NY.GDP.MKTP.CD,62280311.5852172
TUV,2022,NY.GDP.MKTP.CD,59065982.0873657
TUV,2021,NY.GDP.MKTP.CD,60196405.7138393
TUV,2020,NY.GDP.MKTP.CD,51746594.3148543
TUV,2023,SP.POP.TOTL,9816.0
TUV,2022,SP.POP.TOTL,9992.0
TUV,2021,SP.POP.TOTL,10194.0
TUV,2020,SP.POP.TOTL,10399.0
TZA,2023,NY.GDP.MKTP.CD,79062403820.892
TZA,2022,NY.GDP.MKTP.CD,75769974505.0106
TZA,2021,NY.GDP.MKTP.CD,70655628147.8986
TZA,2020,NY.GDP.MKTP.CD,66068737786.0639
TZA,2023,SP.POP.TOTL,66617606.0
TZA,2022,SP.POP.TOTL,64711821.0
TZA,2021,SP.POP.TOTL,62830412.0
TZA,2020,SP.POP.TOTL,60972798.0
UGA,2023,NY.GDP.MKTP.CD,48768955863.3175
UGA,2022,NY.GDP.MKTP.CD,45565333210.9108
UGA,2021,NY.GDP.MKTP.CD,40529788748.6737
UGA,2020,NY.GDP.MKTP.CD,37600368241.6657
UGA,2023,SP.POP.TOTL,48656601.0
UGA,2022,SP.POP.TOTL,47312719.0
UGA,2021,SP.POP.TOTL,45910930.0
UGA,2020,SP.POP.TOTL,44457152.0
UKR,2023,NY.GDP.MKTP.CD,178757021965.008
UKR,2022,NY.GDP.MKTP.CD,161989520721.19
UKR,2021,NY.GDP.MKTP.CD,199765859570.935
UKR,2020,NY.GDP.MKTP.CD,156617722013.342
UKR,2023,SP.POP.TOTL,37732836.0
UKR,2022,SP.POP.TOTL,41048766.0
UKR,2021,SP.POP.TOTL,44298640.0
UKR,2020,SP.POP.TOTL,44680014.0
URY,2023,NY.GDP.MKTP.CD,77240830877.4597
URY,2022,NY.GDP.MKTP.CD,70164683290.3776
URY,2021,NY.GDP.MKTP.CD,60760798595.5436
URY,2020,NY.GDP.MKTP.CD,53668636567.8667
URY,2023,SP.POP.TOTL,3388081.0
URY,2022,SP.POP.TOTL,3390913.0
URY,2021,SP.POP.TOTL,3396695.0
URY,2020,SP.POP.TOTL,3398968.0
USA,2023,NY.GDP.MKTP.CD,27720709000000.0
USA,2022,NY.GDP.MKTP.CD,26006893000000.0
USA,2021,NY.GDP.MKTP.CD,23681171000000.0
USA,2020,NY.GDP.MKTP.CD,21354105000000.0
USA,2023,SP.POP.TOTL,334914895.0
USA,2022,SP.POP.TOTL,333271411.0
USA,2021,SP.POP.TOTL,332048977.0
USA,2020,SP.POP.TOTL,331526933.0
UZB,2023,NY.GDP.MKTP.CD,101591769702.343
UZB,2022,NY.GDP.MKTP.CD,90095926567.4359
UZB,2021,NY.GDP.MKTP.CD,77340060003.0347
UZB,2020,NY.GDP.MKTP.CD,66443265418.3086
UZB,2023,SP.POP.TOTL,35652307.0
UZB,2022,SP.POP.TOTL,34938955.0
UZB,2021,SP.POP.TOTL,34243696.0
UZB,2020,SP.POP.TOTL,33586372.0
VCT,2023,NY.GDP.MKTP.CD,1065962962.96296
VCT,2022,NY.GDP.MKTP.CD,966492592.592592
VCT,2021,NY.GDP.MKTP.CD,872225925.925926
VCT,2020,NY.GDP.MKTP.CD,869111111.111111
VCT,2023,SP.POP.TOTL,101323.0
VCT,2022,SP.POP.TOTL,102046.0
VCT,2021,SP.POP.TOTL,102841.0
VCT,2020,SP.POP.TOTL,103526.0
VEN,2023,SP.POP.TOTL,28300854.0
VEN,2022,SP.POP.TOTL,28213017.0
VEN,2021,SP.POP.TOTL,28237826.0
VEN,2020,SP.POP.TOTL,28444077.0
VGB,2023,SP.POP.TOTL,38985.0
VGB,2022,SP.POP.TOTL,38319.0
VGB,2021,SP.POP.TOTL,37809.0
VGB,2020,SP.POP.TOTL,37135.0
VIR,2022,NY.GDP.MKTP.CD,4672000000.0
VIR,2021,NY.GDP.MKTP.CD,4507000000.0
VIR,2020,NY.GDP.MKTP.CD,4229000000.0
VIR,2023,SP.POP.TOTL,104917.0
VIR,2022,SP.POP.TOTL,105413.0
VIR,2021,SP.POP.TOTL,105870.0
VIR,2020,SP.POP.TOTL,106290.0
VNM,2023,NY.GDP.MKTP.CD,429716969043.572
VNM,2022,NY.GDP.MKTP.CD,410324028883.325
VNM,2021,NY.GDP.MKTP.CD,366474752771.009
VNM,2020,NY.GDP.MKTP.CD,346615738537.796
VNM,2023,SP.POP.TOTL,100352192.0
VNM,2022,SP.POP.TOTL,99680655.0
VNM,2021,SP.POP.TOTL,98935098.0
VNM,2020,SP.POP.TOTL,98079191.0
VUT,2023,NY.GDP.MKTP.CD,1126313359.21923
VUT,2022,NY.GDP.MKTP.CD,1022219297.50335
VUT,2021,NY.GDP.MKTP.CD,950394006.532514
VUT,2020,NY.GDP.MKTP.CD,909421043.508407
VUT,2023,SP.POP.TOTL,320409.0
VUT,2022,SP.POP.TOTL,313046.0
VUT,2021,SP.POP.TOTL,305868.0
VUT,2020,SP.POP.TOTL,298858.0
WSM,2023,NY.GDP.MKTP.CD,938189443.830393
WSM,2022,NY.GDP.MKTP.CD,832945205.637185
WSM,2021,NY.GDP.MKTP.CD,843923638.733018
WSM,2020,NY.GDP.MKTP.CD,868898358.266437
WSM,2023,SP.POP.TOTL,216663.0
WSM,2022,SP.POP.TOTL,215261.0
WSM,2021,SP.POP.TOTL,213779.0
WSM,2020,SP.POP.TOTL,211944.0
XKX,2023,NY.GDP.MKTP.CD,10468219225.4869
XKX,2022,NY.GDP.MKTP.CD,9354903061.8898
XKX,2021,NY.GDP.MKTP.CD,9413403724.01899
XKX,2020,NY.GDP.MKTP.CD,7717145217.81247
XKX,2023,SP.POP.TOTL,1756366.0
XKX,2022,SP.POP.TOTL,1768096.0
XKX,2021,SP.POP.TOTL,1786080.0
XKX,2020,SP.POP.TOTL,1790152.0
YEM,2023,SP.POP.TOTL,39390799.0
YEM,2022,SP.POP.TOTL,38222876.0
YEM,2021,SP.POP.TOTL,37140230.0
YEM,2020,SP.POP.TOTL,36134863.0
ZAF,2023,NY.GDP.MKTP.CD,380699271814.508
ZAF,2022,NY.GDP.MKTP.CD,406920004594.074
ZAF,2021,NY.GDP.MKTP.CD,420886877628.703
ZAF,2020,NY.GDP.MKTP.CD,337974655408.055
ZAF,2023,SP.POP.TOTL,63212384.0
ZAF,2022,SP.POP.TOTL,62378410.0
ZAF,2021,SP.POP.TOTL,61502603.0
ZAF,2020,SP.POP.TOTL,60562381.0
ZMB,2023,NY.GDP.MKTP.CD,27577956471.244
ZMB,2022,NY.GDP.MKTP.CD,29163782140.4858
ZMB,2021,NY.GDP.MKTP.CD,22096416932.0089
ZMB,2020,NY.GDP.MKTP.CD,18137764930.651
ZMB,2023,SP.POP.TOTL,20723965.0
ZMB,2022,SP.POP.TOTL,20152938.0
ZMB,2021,SP.POP.TOTL,19603607.0
ZMB,2020,SP.POP.TOTL,19059395.0
ZWE,2023,NY.GDP.MKTP.CD,35231367885.8554
ZWE,2022,NY.GDP.MKTP.CD,32789751736.3323
ZWE,2021,NY.GDP.MKTP.CD,27240515108.8049
ZWE,2020,NY.GDP.MKTP.CD,26867936444.6826
ZWE,2023,SP.POP.TOTL,16340822.0
ZWE,2022,SP.POP.TOTL,16069056.0
ZWE,2021,SP.POP.TOTL,15797210.0
ZWE,2020,SP.POP.TOTL,15526888.0
